﻿<?xml version="1.0" encoding="utf-8"?>
<entries>
  <entry time="2015-04-19T02:46:47.5152992Z" id="8f74bb61-c434-4432-8f21-bbccd301ace3" type="0">
    <message>Updating submodules.</message>
  </entry>
  <entry time="2015-04-19T02:46:47.5732324Z" id="a07031a0-34a3-4c28-9372-df707a67d97f" type="0">
    <message>Preparing deployment for commit id 'c7c94822f4'.</message>
  </entry>
  <entry time="2015-04-19T02:46:48.1212576Z" id="b1479b02-ca88-48c4-a30c-287d8d417712" type="0">
    <message>Generating deployment script.</message>
    <entry time="2015-04-19T02:46:48.183761Z" id="1341ad8f-5152-46b8-9295-fd8e36a6e9cf" type="0">
      <message>Using cached version of deployment script (command: 'azure -y --no-dot-deployment -r "D:\home\site\repository" -o "D:\home\site\deployments\tools" --node --sitePath "D:\home\site\repository"').</message>
    </entry>
  </entry>
  <entry time="2015-04-19T02:46:48.2548154Z" id="789e2eb3-143e-4c93-8205-168a496aa0e2" type="0">
    <message>Running deployment command...</message>
    <entry time="2015-04-19T02:46:48.2704434Z" id="427fa2b4-9558-40f5-b8a6-6a90333022c4" type="0">
      <message>Command: "D:\home\site\deployments\tools\deploy.cmd"</message>
    </entry>
    <entry time="2015-04-19T02:46:48.9110514Z" id="5a552829-b04e-437e-b8b8-e9a52feffe87" type="0">
      <message>Handling node.js deployment.</message>
    </entry>
    <entry time="2015-04-19T02:46:49.2004936Z" id="02e11f3e-69ed-48c9-bd34-b8a51e10c5b8" type="0">
      <message>KuduSync.NET from: 'D:\home\site\repository' to: 'D:\home\site\wwwroot'</message>
    </entry>
    <entry time="2015-04-19T02:46:49.2161183Z" id="e9055c3a-3c73-4b99-b777-c137bd1a7a3c" type="0">
      <message>Deleting file: 'CNAME'</message>
    </entry>
    <entry time="2015-04-19T02:46:49.2317506Z" id="1f60f5ff-39ae-4293-aaa4-c1514789a951" type="0">
      <message>Deleting file: 'index.html'</message>
    </entry>
    <entry time="2015-04-19T02:46:49.3567413Z" id="f4b9e0e4-c7d8-4180-b93b-230ce18f0826" type="0">
      <message>Deleting file: 'css\blockrain.css'</message>
    </entry>
    <entry time="2015-04-19T02:46:49.3880337Z" id="d247fb87-068e-4b9d-821e-c6623b0c3f58" type="0">
      <message>Deleting file: 'css\styles.css'</message>
    </entry>
    <entry time="2015-04-19T02:46:49.4036183Z" id="08d310de-c020-47b3-9b4f-1de33ed77082" type="0">
      <message>Deleting directory: 'css'</message>
    </entry>
    <entry time="2015-04-19T02:46:49.6379892Z" id="43b9b08f-ad4f-4c6b-afaa-13457fca5927" type="0">
      <message>Deleting file: 'scripts\blockrain.jquery.js'</message>
    </entry>
    <entry time="2015-04-19T02:46:50.6848504Z" id="a9132966-ab13-4ed4-a4ba-49045201de2f" type="0">
      <message>Deleting file: 'scripts\jquery.js'</message>
    </entry>
    <entry time="2015-04-19T02:46:50.7318109Z" id="d8d0816a-18c9-42d5-9d58-564daa914362" type="0">
      <message>Deleting file: 'scripts\nleap-handlers.js'</message>
    </entry>
    <entry time="2015-04-19T02:46:50.7785988Z" id="aa350b3b-0cfc-4c07-b84d-95dd4295ab6d" type="0">
      <message>Deleting file: 'scripts\nleap.js'</message>
    </entry>
    <entry time="2015-04-19T02:46:50.8098483Z" id="d622a6ca-f860-4736-9ee1-ede80ffd4119" type="0">
      <message>Deleting directory: 'scripts'</message>
    </entry>
    <entry time="2015-04-19T02:46:50.8567651Z" id="3cf8e923-d547-4362-9855-6016e66155e6" type="0">
      <message>Looking for app.js/server.js under site root.</message>
    </entry>
    <entry time="2015-04-19T02:46:50.9035989Z" id="7515cf49-3432-40c2-90a2-f51e6bd05b57" type="0">
      <message>Using start-up script app.js</message>
    </entry>
    <entry time="2015-04-19T02:46:50.919231Z" id="82c7de55-b0ee-421d-afdf-33ff7d55a113" type="0">
      <message>Generated web.config.</message>
    </entry>
    <entry time="2015-04-19T02:46:50.9504702Z" id="3ded058a-4ed5-4066-9e73-b8a8f66d1787" type="0">
      <message>The package.json file does not specify node.js engine version constraints.</message>
    </entry>
    <entry time="2015-04-19T02:46:50.9817205Z" id="b4905cfd-caf1-4b86-8255-8195645494eb" type="0">
      <message>The node.js application will run with the default node.js version 0.10.32.</message>
    </entry>
    <entry time="2015-04-19T02:46:52.325454Z" id="3ea2021c-47fc-4244-a0d0-77e14fad22ed" type="0">
      <message>Finished successfully.</message>
    </entry>
  </entry>
  <entry time="2015-04-19T02:46:53.1871162Z" id="8e371f20-d94d-4f13-bb9e-98ece4ad38da" type="0">
    <message>Deployment successful.</message>
  </entry>
</entries>