﻿<?xml version="1.0" encoding="utf-8"?>
<deployment>
  <id>c7c94822f4d06cb8fc12d2bca9a2f2e92197a874</id>
  <author>Jeremy Koritzinsky</author>
  <deployer>GitHub</deployer>
  <authorEmail>jkoritzinsky@live.com</authorEmail>
  <message>removed unneeded files from this branch</message>
  <progress></progress>
  <status>Success</status>
  <statusText></statusText>
  <lastSuccessEndTime>2015-04-19T02:46:53.2199736Z</lastSuccessEndTime>
  <receivedTime>2015-04-19T02:46:47.4354021Z</receivedTime>
  <startTime>2015-04-19T02:46:47.6058333Z</startTime>
  <endTime>2015-04-19T02:46:53.2199736Z</endTime>
  <complete>True</complete>
  <is_temp>False</is_temp>
  <is_readonly>False</is_readonly>
</deployment>