<step title="Incoming Request" date="2015-04-19T02:41:57.630" instance="896fff" url="/deploy?scmType=GitHub" method="POST" type="request" pid="600,2,33" Connection="Keep-Alive" Content-Length="8758" Content-Type="application/x-www-form-urlencoded" Accept="*/*" Host="enlightonme.scm.azurewebsites.net" User-Agent="GitHub-Hookshot/9a55c2d" X-GitHub-Event="push" X-GitHub-Delivery="a4c93200-e63d-11e4-97cc-ca853f383776" X-SITE-DEPLOYMENT-ID="enlightonme" X-MS-WAWS-JWT="" >
  <step title="FetchHandler" date="2015-04-19T02:41:57.646" >
    <step title="Attempting to fetch target branch master" date="2015-04-19T02:41:57.661" /><!-- duration: 0ms -->
    <step title="Executing external process" date="2015-04-19T02:41:57.786" type="process" path="git.exe" arguments="rev-parse --git-dir" /><!-- duration: 64ms -->
    <step title="Assuming git repository at D:\home\site\repository" date="2015-04-19T02:41:57.850" /><!-- duration: 17ms -->
    <step title="Performing fetch based deployment" date="2015-04-19T02:41:58.225" >
      <step title="Creating temporary deployment" date="2015-04-19T02:41:58.240" /><!-- duration: 31ms -->
      <step title="Executing external process" date="2015-04-19T02:41:58.335" type="process" path="git.exe" arguments="rev-parse --git-dir" /><!-- duration: 49ms -->
      <step title="Executing external process" date="2015-04-19T02:41:58.384" type="process" path="git.exe" arguments="rev-parse --git-dir" /><!-- duration: 47ms -->
      <step title="Executing external process" date="2015-04-19T02:41:58.431" type="process" path="git.exe" arguments="remote add -t master external &quot;git@github.com:jkoritzinsky/enLightOn.me&quot;" /><!-- duration: 160ms -->
      <step title="Executing external process" date="2015-04-19T02:41:58.591" type="process" path="git.exe" arguments="branch" /><!-- duration: 1043ms -->
      <step title="Executing external process" date="2015-04-19T02:41:59.633" type="process" path="git.exe" arguments="fetch external --progress" /><!-- duration: 1193ms -->
      <step title="Executing external process" date="2015-04-19T02:42:00.842" type="process" path="git.exe" arguments="update-ref refs/heads/master external/master" /><!-- duration: 109ms -->
      <step title="Executing external process" date="2015-04-19T02:42:00.967" type="process" path="git.exe" arguments="checkout master --force" /><!-- duration: 191ms -->
      <step title="Executing external process" date="2015-04-19T02:42:01.174" type="process" path="git.exe" arguments="remote rm external" /><!-- duration: 157ms -->
      <step title="Executing external process" date="2015-04-19T02:42:01.331" type="process" path="git.exe" arguments="log -n 1 master --" /><!-- duration: 48ms -->
      <step title="Executing external process" date="2015-04-19T02:42:01.411" type="process" path="git.exe" arguments="log -n 1 master --" /><!-- duration: 47ms -->
      <step title="DeploymentManager.Deploy(id)" date="2015-04-19T02:42:01.458" >
        <step title="Collecting changeset information" date="2015-04-19T02:42:01.473" /><!-- duration: 64ms -->
        <step title="Updating submodules" date="2015-04-19T02:42:01.537" /><!-- duration: 48ms -->
        <step title="Determining deployment builder" date="2015-04-19T02:42:01.695" >
          <step title="Executing external process" date="2015-04-19T02:42:01.711" type="process" path="git.exe" arguments="ls-files *.csproj *.vbproj *.fsproj *.sln" /><!-- duration: 31ms -->
          <step title="Builder is NodeSiteBuilder" date="2015-04-19T02:42:02.092" /><!-- duration: 0ms -->
        </step><!-- duration: 412ms -->
        <step title="Copying SSH keys" date="2015-04-19T02:42:02.123" /><!-- duration: 33ms -->
        <step title="Building" date="2015-04-19T02:42:02.156" >
          <step title="Generating deployment script" date="2015-04-19T02:42:02.218" >
            <step title="Using cached version of the deployment script for command: -y --no-dot-deployment -r &quot;D:\home\site\repository&quot; -o &quot;D:\home\site\deployments\tools&quot; --node --sitePath &quot;D:\home\site\repository&quot;" date="2015-04-19T02:42:02.265" /><!-- duration: 0ms -->
          </step><!-- duration: 57ms -->
          <step title="Executing external process" date="2015-04-19T02:42:02.382" type="process" path="starter.cmd" arguments="&quot;D:\home\site\deployments\tools\deploy.cmd&quot;" /><!-- duration: 3705ms -->
          <step title="Purge deployment items" date="2015-04-19T02:42:06.480" >
            <step title="Remove 392aff82c, Success, received at 4/18/2015 10:48:39 PM" date="2015-04-19T02:42:06.559" /><!-- duration: 16ms -->
          </step><!-- duration: 94ms -->
        </step><!-- duration: 4450ms -->
      </step><!-- duration: 5148ms -->
      <step title="Cleaning up temp files" date="2015-04-19T02:42:06.623" /><!-- duration: 0ms -->
      <step title="WebHooksManager.PublishEventAsync: PostDeployment" date="2015-04-19T02:42:06.640" /><!-- duration: 63ms -->
    </step><!-- duration: 8527ms -->
  </step><!-- duration: 9123ms -->
  <step title="Outgoing response" date="2015-04-19T02:42:06.769" type="response" statusCode="200" statusText="OK" Server="Microsoft-IIS/8.0" Cache-Control="private" X-AspNet-Version="4.0.30319" /><!-- duration: 16ms -->
</step><!-- duration: 9155ms -->
