<step title="Incoming Request" date="2015-04-18T20:34:21.705" instance="01cb94" url="/deploy?scmType=GitHub" method="POST" type="request" pid="4592,2,10" Connection="Keep-Alive" Content-Length="78" Content-Type="application/json; charset=utf-8" Accept="application/json" Expect="100-continue" Host="enlightonme.scm.azurewebsites.net" User-Agent="Azure-Portal/5.3.00298.3" X-SITE-DEPLOYMENT-ID="enlightonme" X-MS-WAWS-JWT="" >
  <step title="FetchHandler" date="2015-04-18T20:34:21.740" >
    <step title="Attempting to fetch target branch master" date="2015-04-18T20:34:21.786" /><!-- duration: 0ms -->
    <step title="Performing fetch based deployment" date="2015-04-18T20:34:21.817" >
      <step title="Creating temporary deployment" date="2015-04-18T20:34:21.817" /><!-- duration: 47ms -->
      <step title="GitExeRepository.Initialize" date="2015-04-18T20:34:21.944" >
        <step title="Executing external process" date="2015-04-18T20:34:21.944" type="process" path="git.exe" arguments="init" /><!-- duration: 539ms -->
        <step title="Executing external process" date="2015-04-18T20:34:22.483" type="process" path="git.exe" arguments="config core.autocrlf true" /><!-- duration: 78ms -->
        <step title="Executing external process" date="2015-04-18T20:34:22.577" type="process" path="git.exe" arguments="config core.preloadindex true" /><!-- duration: 79ms -->
        <step title="Executing external process" date="2015-04-18T20:34:22.656" type="process" path="git.exe" arguments="config user.name &quot;windowsazure&quot;" /><!-- duration: 95ms -->
        <step title="Executing external process" date="2015-04-18T20:34:22.750" type="process" path="git.exe" arguments="config user.email &quot;windowsazure&quot;" /><!-- duration: 109ms -->
        <step title="Configure git server" date="2015-04-18T20:34:22.860" >
          <step title="Executing external process" date="2015-04-18T20:34:22.860" type="process" path="git.exe" arguments="config receive.denyCurrentBranch ignore" /><!-- duration: 78ms -->
        </step><!-- duration: 94ms -->
        <step title="Create deny users for .git folder" date="2015-04-18T20:34:22.953" /><!-- duration: 0ms -->
        <step title="Configure git-credential" date="2015-04-18T20:34:22.969" >
          <step title="Executing external process" date="2015-04-18T20:34:22.969" type="process" path="git.exe" arguments="config credential.helper &quot;!&apos;D:\home\site\repository\.git\hooks\git-credential-invalid.sh&apos;&quot;" /><!-- duration: 94ms -->
        </step><!-- duration: 94ms -->
        <step title="Setup post receive hook" date="2015-04-18T20:34:23.063" /><!-- duration: 16ms -->
      </step><!-- duration: 1134ms -->
      <step title="Executing external process" date="2015-04-18T20:34:23.078" type="process" path="git.exe" arguments="remote add -t master external &quot;git@github.com:jkoritzinsky/cs367p1.git&quot;" /><!-- duration: 141ms -->
      <step title="Executing external process" date="2015-04-18T20:34:23.235" type="process" path="git.exe" arguments="branch" /><!-- duration: 47ms -->
      <step title="Executing external process" date="2015-04-18T20:34:23.281" type="process" path="git.exe" arguments="fetch external --progress" /><!-- duration: 4055ms -->
      <step title="Executing external process" date="2015-04-18T20:34:27.352" type="process" path="git.exe" arguments="update-ref refs/heads/master external/master" /><!-- duration: 78ms -->
      <step title="Executing external process" date="2015-04-18T20:34:27.446" type="process" path="git.exe" arguments="checkout master --force" /><!-- duration: 250ms -->
      <step title="Executing external process" date="2015-04-18T20:34:27.712" type="process" path="git.exe" arguments="remote rm external" /><!-- duration: 156ms -->
      <step title="Executing external process" date="2015-04-18T20:34:27.868" type="process" path="git.exe" arguments="log -n 1 master --" /><!-- duration: 62ms -->
      <step title="DeploymentManager.Deploy(id)" date="2015-04-18T20:34:27.946" >
        <step title="Collecting changeset information" date="2015-04-18T20:34:27.946" /><!-- duration: 47ms -->
        <step title="Updating submodules" date="2015-04-18T20:34:28.009" /><!-- duration: 48ms -->
        <step title="Determining deployment builder" date="2015-04-18T20:34:28.166" >
          <step title="Executing external process" date="2015-04-18T20:34:28.181" type="process" path="git.exe" arguments="ls-files *.csproj *.vbproj *.fsproj *.sln" /><!-- duration: 47ms -->
          <step title="Builder is BasicBuilder" date="2015-04-18T20:34:28.557" /><!-- duration: 0ms -->
        </step><!-- duration: 391ms -->
        <step title="Copying SSH keys" date="2015-04-18T20:34:28.589" /><!-- duration: 31ms -->
        <step title="Building" date="2015-04-18T20:34:28.620" >
          <step title="Generating deployment script" date="2015-04-18T20:34:28.682" >
            <step title="Executing external process" date="2015-04-18T20:34:28.761" type="process" path="starter.cmd" arguments="&quot;D:\Program Files (x86)\SiteExtensions\Kudu\44.40415.1492\bin\node_modules\.bin\kuduscript.cmd&quot; -y --no-dot-deployment -r &quot;D:\home\site\repository&quot; -o &quot;D:\home\site\deployments\tools&quot; --basic --sitePath &quot;D:\home\site\repository&quot;" /><!-- duration: 219ms -->
            <step title="Saved cached version of the deployment script for command -y --no-dot-deployment -r &quot;D:\home\site\repository&quot; -o &quot;D:\home\site\deployments\tools&quot; --basic --sitePath &quot;D:\home\site\repository&quot;" date="2015-04-18T20:34:28.979" /><!-- duration: 16ms -->
          </step><!-- duration: 312ms -->
          <step title="Executing external process" date="2015-04-18T20:34:29.125" type="process" path="starter.cmd" arguments="&quot;D:\home\site\deployments\tools\deploy.cmd&quot;" /><!-- duration: 938ms -->
        </step><!-- duration: 1662ms -->
      </step><!-- duration: 2336ms -->
      <step title="Cleaning up temp files" date="2015-04-18T20:34:30.282" /><!-- duration: 16ms -->
      <step title="WebHooksManager.PublishEventAsync: PostDeployment" date="2015-04-18T20:34:30.314" /><!-- duration: 125ms -->
    </step><!-- duration: 8669ms -->
  </step><!-- duration: 8761ms -->
  <step title="Outgoing response" date="2015-04-18T20:34:30.501" type="response" statusCode="200" statusText="OK" Server="Microsoft-IIS/8.0" Cache-Control="private" X-AspNet-Version="4.0.30319" /><!-- duration: 16ms -->
</step><!-- duration: 8811ms -->
