<step title="Incoming Request" date="2015-04-19T02:46:43.775" instance="896fff" url="/deploy?scmType=GitHub" method="POST" type="request" pid="600,2,32" Connection="Keep-Alive" Content-Length="9214" Content-Type="application/x-www-form-urlencoded" Accept="*/*" Host="enlightonme.scm.azurewebsites.net" User-Agent="GitHub-Hookshot/9a55c2d" X-GitHub-Event="push" X-GitHub-Delivery="4f415500-e63e-11e4-9379-a6fc5a3a93c1" X-SITE-DEPLOYMENT-ID="enlightonme" X-MS-WAWS-JWT="" >
  <step title="FetchHandler" date="2015-04-19T02:46:43.791" >
    <step title="Attempting to fetch target branch master" date="2015-04-19T02:46:43.791" /><!-- duration: 0ms -->
    <step title="Executing external process" date="2015-04-19T02:46:43.806" type="process" path="git.exe" arguments="rev-parse --git-dir" /><!-- duration: 47ms -->
    <step title="Assuming git repository at D:\home\site\repository" date="2015-04-19T02:46:43.869" /><!-- duration: 0ms -->
    <step title="Performing fetch based deployment" date="2015-04-19T02:46:44.325" >
      <step title="Creating temporary deployment" date="2015-04-19T02:46:44.325" /><!-- duration: 57ms -->
      <step title="Executing external process" date="2015-04-19T02:46:44.447" type="process" path="git.exe" arguments="rev-parse --git-dir" /><!-- duration: 31ms -->
      <step title="Executing external process" date="2015-04-19T02:46:44.494" type="process" path="git.exe" arguments="rev-parse --git-dir" /><!-- duration: 31ms -->
      <step title="Executing external process" date="2015-04-19T02:46:44.525" type="process" path="git.exe" arguments="remote add -t master external &quot;git@github.com:jkoritzinsky/enLightOn.me&quot;" /><!-- duration: 143ms -->
      <step title="Executing external process" date="2015-04-19T02:46:44.668" type="process" path="git.exe" arguments="branch" /><!-- duration: 63ms -->
      <step title="Executing external process" date="2015-04-19T02:46:44.730" type="process" path="git.exe" arguments="fetch external --progress" /><!-- duration: 1145ms -->
      <step title="Executing external process" date="2015-04-19T02:46:45.875" type="process" path="git.exe" arguments="update-ref refs/heads/master external/master" /><!-- duration: 111ms -->
      <step title="Executing external process" date="2015-04-19T02:46:46.002" type="process" path="git.exe" arguments="checkout master --force" /><!-- duration: 882ms -->
      <step title="Executing external process" date="2015-04-19T02:46:46.993" type="process" path="git.exe" arguments="remote rm external" /><!-- duration: 207ms -->
      <step title="Executing external process" date="2015-04-19T02:46:47.199" type="process" path="git.exe" arguments="log -n 1 master --" /><!-- duration: 63ms -->
      <step title="Executing external process" date="2015-04-19T02:46:47.293" type="process" path="git.exe" arguments="log -n 1 master --" /><!-- duration: 62ms -->
      <step title="DeploymentManager.Deploy(id)" date="2015-04-19T02:46:47.403" >
        <step title="Collecting changeset information" date="2015-04-19T02:46:47.403" /><!-- duration: 64ms -->
        <step title="Updating submodules" date="2015-04-19T02:46:47.466" /><!-- duration: 64ms -->
        <step title="Determining deployment builder" date="2015-04-19T02:46:47.632" >
          <step title="Executing external process" date="2015-04-19T02:46:47.647" type="process" path="git.exe" arguments="ls-files *.csproj *.vbproj *.fsproj *.sln" /><!-- duration: 47ms -->
          <step title="Builder is NodeSiteBuilder" date="2015-04-19T02:46:48.024" /><!-- duration: 0ms -->
        </step><!-- duration: 392ms -->
        <step title="Copying SSH keys" date="2015-04-19T02:46:48.055" /><!-- duration: 18ms -->
        <step title="Building" date="2015-04-19T02:46:48.073" >
          <step title="Generating deployment script" date="2015-04-19T02:46:48.137" >
            <step title="Using cached version of the deployment script for command: -y --no-dot-deployment -r &quot;D:\home\site\repository&quot; -o &quot;D:\home\site\deployments\tools&quot; --node --sitePath &quot;D:\home\site\repository&quot;" date="2015-04-19T02:46:48.168" /><!-- duration: 16ms -->
          </step><!-- duration: 62ms -->
          <step title="Executing external process" date="2015-04-19T02:46:48.395" type="process" path="starter.cmd" arguments="&quot;D:\home\site\deployments\tools\deploy.cmd&quot;" /><!-- duration: 3961ms -->
          <step title="Purge deployment items" date="2015-04-19T02:46:53.470" >
            <step title="Remove 8bd07cdf3, Success, received at 4/19/2015 12:57:58 AM" date="2015-04-19T02:46:53.534" /><!-- duration: 0ms -->
          </step><!-- duration: 63ms -->
        </step><!-- duration: 5492ms -->
      </step><!-- duration: 6162ms -->
      <step title="Cleaning up temp files" date="2015-04-19T02:46:53.565" /><!-- duration: 0ms -->
      <step title="WebHooksManager.PublishEventAsync: PostDeployment" date="2015-04-19T02:46:53.596" /><!-- duration: 16ms -->
    </step><!-- duration: 9302ms -->
  </step><!-- duration: 9852ms -->
  <step title="Outgoing response" date="2015-04-19T02:46:53.643" type="response" statusCode="200" statusText="OK" Server="Microsoft-IIS/8.0" Cache-Control="private" X-AspNet-Version="4.0.30319" /><!-- duration: 0ms -->
</step><!-- duration: 9868ms -->
