<step title="Incoming Request" date="2015-04-19T01:17:27.929" instance="896fff" url="/deploy?scmType=GitHub" method="POST" type="request" pid="1184,2,15" Connection="Keep-Alive" Content-Length="8812" Content-Type="application/x-www-form-urlencoded" Accept="*/*" Host="enlightonme.scm.azurewebsites.net" User-Agent="GitHub-Hookshot/9a55c2d" X-GitHub-Event="push" X-GitHub-Delivery="d6d49700-e631-11e4-8d3e-20344bb2fb0a" X-SITE-DEPLOYMENT-ID="enlightonme" X-MS-WAWS-JWT="" >
  <step title="FetchHandler" date="2015-04-19T01:17:27.944" >
    <step title="Attempting to fetch target branch master" date="2015-04-19T01:17:27.944" /><!-- duration: 0ms -->
    <step title="Executing external process" date="2015-04-19T01:17:27.962" type="process" path="git.exe" arguments="rev-parse --git-dir" /><!-- duration: 63ms -->
    <step title="Assuming git repository at D:\home\site\repository" date="2015-04-19T01:17:28.041" /><!-- duration: 0ms -->
    <step title="Performing fetch based deployment" date="2015-04-19T01:17:28.374" >
      <step title="Creating temporary deployment" date="2015-04-19T01:17:28.376" /><!-- duration: 31ms -->
      <step title="Executing external process" date="2015-04-19T01:17:28.948" type="process" path="git.exe" arguments="rev-parse --git-dir" /><!-- duration: 47ms -->
      <step title="Executing external process" date="2015-04-19T01:17:29.010" type="process" path="git.exe" arguments="rev-parse --git-dir" /><!-- duration: 31ms -->
      <step title="Executing external process" date="2015-04-19T01:17:29.041" type="process" path="git.exe" arguments="remote add -t master external &quot;git@github.com:jkoritzinsky/enLightOn.me&quot;" /><!-- duration: 173ms -->
      <step title="Executing external process" date="2015-04-19T01:17:29.215" type="process" path="git.exe" arguments="branch" /><!-- duration: 62ms -->
      <step title="Executing external process" date="2015-04-19T01:17:29.277" type="process" path="git.exe" arguments="fetch external --progress" /><!-- duration: 1168ms -->
      <step title="Executing external process" date="2015-04-19T01:17:30.446" type="process" path="git.exe" arguments="update-ref refs/heads/master external/master" /><!-- duration: 141ms -->
      <step title="Executing external process" date="2015-04-19T01:17:30.587" type="process" path="git.exe" arguments="checkout master --force" /><!-- duration: 203ms -->
      <step title="Executing external process" date="2015-04-19T01:17:30.806" type="process" path="git.exe" arguments="remote rm external" /><!-- duration: 144ms -->
      <step title="Executing external process" date="2015-04-19T01:17:30.965" type="process" path="git.exe" arguments="log -n 1 master --" /><!-- duration: 62ms -->
      <step title="Executing external process" date="2015-04-19T01:17:31.059" type="process" path="git.exe" arguments="log -n 1 master --" /><!-- duration: 47ms -->
      <step title="DeploymentManager.Deploy(id)" date="2015-04-19T01:17:31.106" >
        <step title="Collecting changeset information" date="2015-04-19T01:17:31.122" /><!-- duration: 79ms -->
        <step title="Updating submodules" date="2015-04-19T01:17:31.201" /><!-- duration: 64ms -->
        <step title="Determining deployment builder" date="2015-04-19T01:17:31.369" >
          <step title="Executing external process" date="2015-04-19T01:17:31.369" type="process" path="git.exe" arguments="ls-files *.csproj *.vbproj *.fsproj *.sln" /><!-- duration: 48ms -->
          <step title="Builder is NodeSiteBuilder" date="2015-04-19T01:17:31.704" /><!-- duration: 0ms -->
        </step><!-- duration: 335ms -->
        <step title="Copying SSH keys" date="2015-04-19T01:17:31.735" /><!-- duration: 31ms -->
        <step title="Building" date="2015-04-19T01:17:31.767" >
          <step title="Generating deployment script" date="2015-04-19T01:17:31.837" >
            <step title="Using cached version of the deployment script for command: -y --no-dot-deployment -r &quot;D:\home\site\repository&quot; -o &quot;D:\home\site\deployments\tools&quot; --node --sitePath &quot;D:\home\site\repository&quot;" date="2015-04-19T01:17:31.868" /><!-- duration: 0ms -->
          </step><!-- duration: 47ms -->
          <step title="Executing external process" date="2015-04-19T01:17:32.119" type="process" path="starter.cmd" arguments="&quot;D:\home\site\deployments\tools\deploy.cmd&quot;" /><!-- duration: 3988ms -->
        </step><!-- duration: 4825ms -->
      </step><!-- duration: 5486ms -->
      <step title="Cleaning up temp files" date="2015-04-19T01:17:36.591" /><!-- duration: 16ms -->
      <step title="WebHooksManager.PublishEventAsync: PostDeployment" date="2015-04-19T01:17:36.623" /><!-- duration: 31ms -->
    </step><!-- duration: 8358ms -->
  </step><!-- duration: 8819ms -->
  <step title="Outgoing response" date="2015-04-19T01:17:36.763" type="response" statusCode="200" statusText="OK" Server="Microsoft-IIS/8.0" Cache-Control="private" X-AspNet-Version="4.0.30319" /><!-- duration: 0ms -->
</step><!-- duration: 8866ms -->
