<step title="Incoming Request" date="2015-04-18T20:38:58.583" instance="856c5a" url="/scm" method="DELETE" type="request" pid="3132,2,8" Connection="Keep-Alive" Content-Length="0" Accept="application/json" Accept-Language="en-US" Host="enlightonme.scm.azurewebsites.net" User-Agent="Azure-Portal/5.3.00298.3" x-ms-client-request-id="63bedd58-ac9d-456a-af44-32f1d680bf34-2015-04-18 20:38:48Z" x-ms-client-session-id="4cea08f8-f713-43b2-bd8f-3db09901a173" X-SITE-DEPLOYMENT-ID="enlightonme" X-MS-WAWS-JWT="" >
  <step title="Executing external process" date="2015-04-18T20:38:58.880" type="process" path="git.exe" arguments="rev-parse --git-dir" /><!-- duration: 1047ms -->
  <step title="Assuming git repository at D:\home\site\repository" date="2015-04-18T20:38:59.942" /><!-- duration: 0ms -->
  <step title="Deleting repository" date="2015-04-18T20:39:01.708" /><!-- duration: 12485ms -->
  <step title="Delete auto swap lock file" date="2015-04-18T20:39:14.208" /><!-- duration: 16ms -->
  <step title="Deleting ssh key" date="2015-04-18T20:39:14.239" /><!-- duration: 219ms -->
  <step title="Updating initial deployment manifest" date="2015-04-18T20:39:14.473" /><!-- duration: 156ms -->
  <step title="Deleting deployment cache" date="2015-04-18T20:39:14.645" /><!-- duration: 531ms -->
  <step title="Outgoing response" date="2015-04-18T20:39:15.223" type="response" statusCode="204" statusText="No Content" Server="Microsoft-IIS/8.0" x-ms-request-id="e002c100-ab6c-4a57-afc6-483670ad8a9b" Cache-Control="private" X-AspNet-Version="4.0.30319" /><!-- duration: 31ms -->
</step><!-- duration: 16688ms -->
