<step title="Incoming Request" date="2015-04-19T02:21:49.261" instance="896fff" url="/deploy?scmType=GitHub" method="POST" type="request" pid="600,2,17" Connection="Keep-Alive" Content-Length="8756" Content-Type="application/x-www-form-urlencoded" Accept="*/*" Host="enlightonme.scm.azurewebsites.net" User-Agent="GitHub-Hookshot/9a55c2d" X-GitHub-Event="push" X-GitHub-Delivery="d391d900-e63a-11e4-862c-03a1686157d7" X-SITE-DEPLOYMENT-ID="enlightonme" X-MS-WAWS-JWT="" >
  <step title="FetchHandler" date="2015-04-19T02:21:49.277" >
    <step title="Attempting to fetch target branch master" date="2015-04-19T02:21:49.293" /><!-- duration: 0ms -->
    <step title="Executing external process" date="2015-04-19T02:21:49.308" type="process" path="git.exe" arguments="rev-parse --git-dir" /><!-- duration: 47ms -->
    <step title="Assuming git repository at D:\home\site\repository" date="2015-04-19T02:21:49.355" /><!-- duration: 63ms -->
    <step title="Performing fetch based deployment" date="2015-04-19T02:21:49.750" >
      <step title="Creating temporary deployment" date="2015-04-19T02:21:49.750" /><!-- duration: 31ms -->
      <step title="Executing external process" date="2015-04-19T02:21:49.843" type="process" path="git.exe" arguments="rev-parse --git-dir" /><!-- duration: 47ms -->
      <step title="Executing external process" date="2015-04-19T02:21:49.890" type="process" path="git.exe" arguments="rev-parse --git-dir" /><!-- duration: 31ms -->
      <step title="Executing external process" date="2015-04-19T02:21:49.937" type="process" path="git.exe" arguments="remote add -t master external &quot;git@github.com:jkoritzinsky/enLightOn.me&quot;" /><!-- duration: 126ms -->
      <step title="Executing external process" date="2015-04-19T02:21:50.079" type="process" path="git.exe" arguments="branch" /><!-- duration: 47ms -->
      <step title="Executing external process" date="2015-04-19T02:21:50.126" type="process" path="git.exe" arguments="fetch external --progress" /><!-- duration: 1174ms -->
      <step title="Executing external process" date="2015-04-19T02:21:51.299" type="process" path="git.exe" arguments="update-ref refs/heads/master external/master" /><!-- duration: 111ms -->
      <step title="Executing external process" date="2015-04-19T02:21:51.426" type="process" path="git.exe" arguments="checkout master --force" /><!-- duration: 205ms -->
      <step title="Executing external process" date="2015-04-19T02:21:51.631" type="process" path="git.exe" arguments="remote rm external" /><!-- duration: 191ms -->
      <step title="Executing external process" date="2015-04-19T02:21:51.822" type="process" path="git.exe" arguments="log -n 1 master --" /><!-- duration: 47ms -->
      <step title="Executing external process" date="2015-04-19T02:21:51.902" type="process" path="git.exe" arguments="log -n 1 master --" /><!-- duration: 47ms -->
      <step title="DeploymentManager.Deploy(id)" date="2015-04-19T02:21:51.949" >
        <step title="Collecting changeset information" date="2015-04-19T02:21:51.964" /><!-- duration: 49ms -->
        <step title="Updating submodules" date="2015-04-19T02:21:52.013" /><!-- duration: 79ms -->
        <step title="Determining deployment builder" date="2015-04-19T02:21:52.235" >
          <step title="Executing external process" date="2015-04-19T02:21:52.250" type="process" path="git.exe" arguments="ls-files *.csproj *.vbproj *.fsproj *.sln" /><!-- duration: 62ms -->
          <step title="Builder is NodeSiteBuilder" date="2015-04-19T02:21:52.627" /><!-- duration: 0ms -->
        </step><!-- duration: 392ms -->
        <step title="Copying SSH keys" date="2015-04-19T02:21:52.658" /><!-- duration: 16ms -->
        <step title="Building" date="2015-04-19T02:21:52.690" >
          <step title="Generating deployment script" date="2015-04-19T02:21:52.768" >
            <step title="Using cached version of the deployment script for command: -y --no-dot-deployment -r &quot;D:\home\site\repository&quot; -o &quot;D:\home\site\deployments\tools&quot; --node --sitePath &quot;D:\home\site\repository&quot;" date="2015-04-19T02:21:52.799" /><!-- duration: 0ms -->
          </step><!-- duration: 47ms -->
          <step title="Executing external process" date="2015-04-19T02:21:52.924" type="process" path="starter.cmd" arguments="&quot;D:\home\site\deployments\tools\deploy.cmd&quot;" /><!-- duration: 3735ms -->
        </step><!-- duration: 4379ms -->
      </step><!-- duration: 5120ms -->
      <step title="Cleaning up temp files" date="2015-04-19T02:21:57.085" /><!-- duration: 0ms -->
      <step title="WebHooksManager.PublishEventAsync: PostDeployment" date="2015-04-19T02:21:57.100" /><!-- duration: 47ms -->
    </step><!-- duration: 7448ms -->
  </step><!-- duration: 7937ms -->
  <step title="Outgoing response" date="2015-04-19T02:21:57.229" type="response" statusCode="200" statusText="OK" Server="Microsoft-IIS/8.0" Cache-Control="private" X-AspNet-Version="4.0.30319" /><!-- duration: 2ms -->
</step><!-- duration: 7969ms -->
