<step title="Incoming Request" date="2015-04-18T21:40:59.484" instance="856c5a" url="/deploy?scmType=GitHub" method="POST" type="request" pid="3096,2,6" Connection="Keep-Alive" Content-Length="84" Expect="100-continue" Host="enlightonme.scm.azurewebsites.net" User-Agent="Azure-WebSites-Controller/44.0.8598.771" X-SITE-DEPLOYMENT-ID="enlightonme" X-MS-WAWS-JWT="" >
  <step title="FetchHandler" date="2015-04-18T21:40:59.530" >
    <step title="Attempting to fetch target branch master" date="2015-04-18T21:40:59.609" /><!-- duration: 16ms -->
    <step title="Executing external process" date="2015-04-18T21:41:00.265" type="process" path="git.exe" arguments="rev-parse --git-dir" /><!-- duration: 78ms -->
    <step title="Assuming git repository at D:\home\site\repository" date="2015-04-18T21:41:00.343" /><!-- duration: 12ms -->
    <step title="Performing fetch based deployment" date="2015-04-18T21:41:00.483" >
      <step title="Creating temporary deployment" date="2015-04-18T21:41:00.499" /><!-- duration: 31ms -->
      <step title="Executing external process" date="2015-04-18T21:41:00.624" type="process" path="git.exe" arguments="rev-parse --git-dir" /><!-- duration: 47ms -->
      <step title="Executing external process" date="2015-04-18T21:41:00.671" type="process" path="git.exe" arguments="rev-parse --git-dir" /><!-- duration: 47ms -->
      <step title="Executing external process" date="2015-04-18T21:41:00.718" type="process" path="git.exe" arguments="remote add -t master external &quot;git@github.com:jkoritzinsky/enLightOn.me.git&quot;" /><!-- duration: 132ms -->
      <step title="Executing external process" date="2015-04-18T21:41:00.849" type="process" path="git.exe" arguments="branch" /><!-- duration: 64ms -->
      <step title="Executing external process" date="2015-04-18T21:41:00.913" type="process" path="git.exe" arguments="fetch external --progress" /><!-- duration: 2188ms -->
      <step title="Executing external process" date="2015-04-18T21:41:03.117" type="process" path="git.exe" arguments="update-ref refs/heads/master external/master" /><!-- duration: 95ms -->
      <step title="Executing external process" date="2015-04-18T21:41:03.211" type="process" path="git.exe" arguments="checkout master --force" /><!-- duration: 159ms -->
      <step title="Executing external process" date="2015-04-18T21:41:03.386" type="process" path="git.exe" arguments="remote rm external" /><!-- duration: 143ms -->
      <step title="Executing external process" date="2015-04-18T21:41:03.529" type="process" path="git.exe" arguments="log -n 1 master --" /><!-- duration: 109ms -->
      <step title="DeploymentManager.Deploy(id)" date="2015-04-18T21:41:03.654" >
        <step title="Collecting changeset information" date="2015-04-18T21:41:03.670" /><!-- duration: 47ms -->
        <step title="Updating submodules" date="2015-04-18T21:41:03.748" /><!-- duration: 47ms -->
        <step title="Determining deployment builder" date="2015-04-18T21:41:03.922" >
          <step title="Executing external process" date="2015-04-18T21:41:03.937" type="process" path="git.exe" arguments="ls-files *.csproj *.vbproj *.fsproj *.sln" /><!-- duration: 31ms -->
          <step title="Builder is BasicBuilder" date="2015-04-18T21:41:04.078" /><!-- duration: 0ms -->
        </step><!-- duration: 172ms -->
        <step title="Copying SSH keys" date="2015-04-18T21:41:04.125" /><!-- duration: 66ms -->
        <step title="Building" date="2015-04-18T21:41:04.191" >
          <step title="Generating deployment script" date="2015-04-18T21:41:04.300" >
            <step title="Using cached version of the deployment script for command: -y --no-dot-deployment -r &quot;D:\home\site\repository&quot; -o &quot;D:\home\site\deployments\tools&quot; --basic --sitePath &quot;D:\home\site\repository&quot;" date="2015-04-18T21:41:04.410" /><!-- duration: 0ms -->
          </step><!-- duration: 125ms -->
          <step title="Executing external process" date="2015-04-18T21:41:04.550" type="process" path="starter.cmd" arguments="&quot;D:\home\site\deployments\tools\deploy.cmd&quot;" /><!-- duration: 684ms -->
        </step><!-- duration: 1289ms -->
      </step><!-- duration: 1825ms -->
      <step title="Cleaning up temp files" date="2015-04-18T21:41:05.479" /><!-- duration: 0ms -->
      <step title="WebHooksManager.PublishEventAsync: PostDeployment" date="2015-04-18T21:41:05.511" /><!-- duration: 94ms -->
    </step><!-- duration: 5296ms -->
  </step><!-- duration: 6267ms -->
  <step title="Outgoing response" date="2015-04-18T21:41:05.797" type="response" statusCode="200" statusText="OK" Server="Microsoft-IIS/8.0" Cache-Control="private" X-AspNet-Version="4.0.30319" /><!-- duration: 0ms -->
</step><!-- duration: 6314ms -->
