<step title="Incoming Request" date="2015-04-19T02:36:21.438" instance="896fff" url="/deploy?scmType=GitHub" method="POST" type="request" pid="600,2,26" Connection="Keep-Alive" Content-Length="8764" Content-Type="application/x-www-form-urlencoded" Accept="*/*" Host="enlightonme.scm.azurewebsites.net" User-Agent="GitHub-Hookshot/9a55c2d" X-GitHub-Event="push" X-GitHub-Delivery="dbeb1380-e63c-11e4-86c9-edfc84976db8" X-SITE-DEPLOYMENT-ID="enlightonme" X-MS-WAWS-JWT="" >
  <step title="FetchHandler" date="2015-04-19T02:36:21.469" >
    <step title="Attempting to fetch target branch master" date="2015-04-19T02:36:21.485" /><!-- duration: 16ms -->
    <step title="Executing external process" date="2015-04-19T02:36:21.516" type="process" path="git.exe" arguments="rev-parse --git-dir" /><!-- duration: 31ms -->
    <step title="Assuming git repository at D:\home\site\repository" date="2015-04-19T02:36:21.563" /><!-- duration: 0ms -->
    <step title="Performing fetch based deployment" date="2015-04-19T02:36:21.930" >
      <step title="Creating temporary deployment" date="2015-04-19T02:36:21.930" /><!-- duration: 48ms -->
      <step title="Executing external process" date="2015-04-19T02:36:22.041" type="process" path="git.exe" arguments="rev-parse --git-dir" /><!-- duration: 33ms -->
      <step title="Executing external process" date="2015-04-19T02:36:22.074" type="process" path="git.exe" arguments="rev-parse --git-dir" /><!-- duration: 47ms -->
      <step title="Executing external process" date="2015-04-19T02:36:22.121" type="process" path="git.exe" arguments="remote add -t master external &quot;git@github.com:jkoritzinsky/enLightOn.me&quot;" /><!-- duration: 145ms -->
      <step title="Executing external process" date="2015-04-19T02:36:22.266" type="process" path="git.exe" arguments="branch" /><!-- duration: 47ms -->
      <step title="Executing external process" date="2015-04-19T02:36:22.329" type="process" path="git.exe" arguments="fetch external --progress" /><!-- duration: 1142ms -->
      <step title="Executing external process" date="2015-04-19T02:36:23.487" type="process" path="git.exe" arguments="update-ref refs/heads/master external/master" /><!-- duration: 110ms -->
      <step title="Executing external process" date="2015-04-19T02:36:23.613" type="process" path="git.exe" arguments="checkout master --force" /><!-- duration: 173ms -->
      <step title="Executing external process" date="2015-04-19T02:36:23.802" type="process" path="git.exe" arguments="remote rm external" /><!-- duration: 162ms -->
      <step title="Executing external process" date="2015-04-19T02:36:23.964" type="process" path="git.exe" arguments="log -n 1 master --" /><!-- duration: 47ms -->
      <step title="Executing external process" date="2015-04-19T02:36:24.107" type="process" path="git.exe" arguments="log -n 1 master --" /><!-- duration: 47ms -->
      <step title="DeploymentManager.Deploy(id)" date="2015-04-19T02:36:24.154" >
        <step title="Collecting changeset information" date="2015-04-19T02:36:24.170" /><!-- duration: 48ms -->
        <step title="Updating submodules" date="2015-04-19T02:36:24.234" /><!-- duration: 56ms -->
        <step title="Determining deployment builder" date="2015-04-19T02:36:24.403" >
          <step title="Executing external process" date="2015-04-19T02:36:24.403" type="process" path="git.exe" arguments="ls-files *.csproj *.vbproj *.fsproj *.sln" /><!-- duration: 48ms -->
          <step title="Builder is NodeSiteBuilder" date="2015-04-19T02:36:24.968" /><!-- duration: 0ms -->
        </step><!-- duration: 565ms -->
        <step title="Copying SSH keys" date="2015-04-19T02:36:25.001" /><!-- duration: 16ms -->
        <step title="Building" date="2015-04-19T02:36:25.032" >
          <step title="Generating deployment script" date="2015-04-19T02:36:25.235" >
            <step title="Using cached version of the deployment script for command: -y --no-dot-deployment -r &quot;D:\home\site\repository&quot; -o &quot;D:\home\site\deployments\tools&quot; --node --sitePath &quot;D:\home\site\repository&quot;" date="2015-04-19T02:36:25.266" /><!-- duration: 0ms -->
          </step><!-- duration: 47ms -->
          <step title="Executing external process" date="2015-04-19T02:36:25.391" type="process" path="starter.cmd" arguments="&quot;D:\home\site\deployments\tools\deploy.cmd&quot;" /><!-- duration: 4286ms -->
          <step title="Purge deployment items" date="2015-04-19T02:36:30.572" >
            <step title="Remove 8ddac086f, Success, received at 4/18/2015 10:34:25 PM" date="2015-04-19T02:36:30.637" /><!-- duration: 0ms -->
          </step><!-- duration: 65ms -->
        </step><!-- duration: 5636ms -->
      </step><!-- duration: 6514ms -->
      <step title="Cleaning up temp files" date="2015-04-19T02:36:30.668" /><!-- duration: 0ms -->
      <step title="WebHooksManager.PublishEventAsync: PostDeployment" date="2015-04-19T02:36:30.700" /><!-- duration: 17ms -->
    </step><!-- duration: 8803ms -->
  </step><!-- duration: 9279ms -->
  <step title="Outgoing response" date="2015-04-19T02:36:30.748" type="response" statusCode="200" statusText="OK" Server="Microsoft-IIS/8.0" Cache-Control="private" X-AspNet-Version="4.0.30319" /><!-- duration: 0ms -->
</step><!-- duration: 9357ms -->
