<step title="Incoming Request" date="2015-04-19T03:37:05.215" instance="896fff" url="/deploy?scmType=GitHub" method="POST" type="request" pid="5040,2,12" Connection="Keep-Alive" Content-Length="8754" Content-Type="application/x-www-form-urlencoded" Accept="*/*" Host="enlightonme.scm.azurewebsites.net" User-Agent="GitHub-Hookshot/9a55c2d" X-GitHub-Event="push" X-GitHub-Delivery="5750c300-e645-11e4-8c36-010d23bc797d" X-SITE-DEPLOYMENT-ID="enlightonme" X-MS-WAWS-JWT="" >
  <step title="FetchHandler" date="2015-04-19T03:37:05.231" >
    <step title="Attempting to fetch target branch master" date="2015-04-19T03:37:05.246" /><!-- duration: 16ms -->
    <step title="Executing external process" date="2015-04-19T03:37:05.278" type="process" path="git.exe" arguments="rev-parse --git-dir" /><!-- duration: 94ms -->
    <step title="Assuming git repository at D:\home\site\repository" date="2015-04-19T03:37:05.371" /><!-- duration: 11ms -->
    <step title="Performing fetch based deployment" date="2015-04-19T03:37:05.783" >
      <step title="Creating temporary deployment" date="2015-04-19T03:37:05.783" /><!-- duration: 31ms -->
      <step title="Executing external process" date="2015-04-19T03:37:05.893" type="process" path="git.exe" arguments="rev-parse --git-dir" /><!-- duration: 832ms -->
      <step title="Executing external process" date="2015-04-19T03:37:06.725" type="process" path="git.exe" arguments="rev-parse --git-dir" /><!-- duration: 78ms -->
      <step title="Executing external process" date="2015-04-19T03:37:07.732" type="process" path="git.exe" arguments="remote add -t master external &quot;git@github.com:jkoritzinsky/enLightOn.me&quot;" /><!-- duration: 174ms -->
      <step title="Executing external process" date="2015-04-19T03:37:07.921" type="process" path="git.exe" arguments="branch" /><!-- duration: 94ms -->
      <step title="Executing external process" date="2015-04-19T03:37:08.014" type="process" path="git.exe" arguments="fetch external --progress" /><!-- duration: 1457ms -->
      <step title="Executing external process" date="2015-04-19T03:37:09.487" type="process" path="git.exe" arguments="update-ref refs/heads/master external/master" /><!-- duration: 142ms -->
      <step title="Executing external process" date="2015-04-19T03:37:09.646" type="process" path="git.exe" arguments="checkout master --force" /><!-- duration: 1321ms -->
      <step title="Executing external process" date="2015-04-19T03:37:10.966" type="process" path="git.exe" arguments="remote rm external" /><!-- duration: 218ms -->
      <step title="Executing external process" date="2015-04-19T03:37:11.185" type="process" path="git.exe" arguments="log -n 1 master --" /><!-- duration: 109ms -->
      <step title="Executing external process" date="2015-04-19T03:37:11.318" type="process" path="git.exe" arguments="log -n 1 master --" /><!-- duration: 109ms -->
      <step title="DeploymentManager.Deploy(id)" date="2015-04-19T03:37:11.428" >
        <step title="Collecting changeset information" date="2015-04-19T03:37:11.443" /><!-- duration: 63ms -->
        <step title="Updating submodules" date="2015-04-19T03:37:11.506" /><!-- duration: 66ms -->
        <step title="Determining deployment builder" date="2015-04-19T03:37:11.692" >
          <step title="Executing external process" date="2015-04-19T03:37:11.692" type="process" path="git.exe" arguments="ls-files *.csproj *.vbproj *.fsproj *.sln" /><!-- duration: 109ms -->
          <step title="Builder is NodeSiteBuilder" date="2015-04-19T03:37:12.815" /><!-- duration: 0ms -->
        </step><!-- duration: 1123ms -->
        <step title="Copying SSH keys" date="2015-04-19T03:37:12.847" /><!-- duration: 16ms -->
        <step title="Building" date="2015-04-19T03:37:12.863" >
          <step title="Generating deployment script" date="2015-04-19T03:37:12.927" >
            <step title="Using cached version of the deployment script for command: -y --no-dot-deployment -r &quot;D:\home\site\repository&quot; -o &quot;D:\home\site\deployments\tools&quot; --node --sitePath &quot;D:\home\site\repository&quot;" date="2015-04-19T03:37:12.974" /><!-- duration: 0ms -->
          </step><!-- duration: 63ms -->
          <step title="Executing external process" date="2015-04-19T03:37:13.105" type="process" path="starter.cmd" arguments="&quot;D:\home\site\deployments\tools\deploy.cmd&quot;" /><!-- duration: 5932ms -->
          <step title="Purge deployment items" date="2015-04-19T03:37:19.503" >
            <step title="Remove 7781fa7ba, Success, received at 4/19/2015 2:25:50 AM" date="2015-04-19T03:37:19.591" /><!-- duration: 0ms -->
          </step><!-- duration: 87ms -->
        </step><!-- duration: 6759ms -->
      </step><!-- duration: 8194ms -->
      <step title="Cleaning up temp files" date="2015-04-19T03:37:19.622" /><!-- duration: 16ms -->
      <step title="WebHooksManager.PublishEventAsync: PostDeployment" date="2015-04-19T03:37:19.653" /><!-- duration: 16ms -->
    </step><!-- duration: 13949ms -->
  </step><!-- duration: 14501ms -->
  <step title="Outgoing response" date="2015-04-19T03:37:19.749" type="response" statusCode="200" statusText="OK" Server="Microsoft-IIS/8.0" Cache-Control="private" X-AspNet-Version="4.0.30319" /><!-- duration: 0ms -->
</step><!-- duration: 14534ms -->
