<step title="Incoming Request" date="2015-04-19T02:25:47.062" instance="896fff" url="/deploy?scmType=GitHub" method="POST" type="request" pid="600,2,17" Connection="Keep-Alive" Content-Length="8772" Content-Type="application/x-www-form-urlencoded" Accept="*/*" Host="enlightonme.scm.azurewebsites.net" User-Agent="GitHub-Hookshot/9a55c2d" X-GitHub-Event="push" X-GitHub-Delivery="62065a80-e63b-11e4-8881-a321f523da89" X-SITE-DEPLOYMENT-ID="enlightonme" X-MS-WAWS-JWT="" >
  <step title="FetchHandler" date="2015-04-19T02:25:47.437" >
    <step title="Attempting to fetch target branch master" date="2015-04-19T02:25:47.640" /><!-- duration: 125ms -->
    <step title="Executing external process" date="2015-04-19T02:25:47.812" type="process" path="git.exe" arguments="rev-parse --git-dir" /><!-- duration: 78ms -->
    <step title="Assuming git repository at D:\home\site\repository" date="2015-04-19T02:25:47.906" /><!-- duration: 16ms -->
    <step title="Performing fetch based deployment" date="2015-04-19T02:25:48.318" >
      <step title="Creating temporary deployment" date="2015-04-19T02:25:48.318" /><!-- duration: 47ms -->
      <step title="Executing external process" date="2015-04-19T02:25:48.429" type="process" path="git.exe" arguments="rev-parse --git-dir" /><!-- duration: 31ms -->
      <step title="Executing external process" date="2015-04-19T02:25:48.476" type="process" path="git.exe" arguments="rev-parse --git-dir" /><!-- duration: 31ms -->
      <step title="Executing external process" date="2015-04-19T02:25:48.507" type="process" path="git.exe" arguments="remote add -t master external &quot;git@github.com:jkoritzinsky/enLightOn.me&quot;" /><!-- duration: 157ms -->
      <step title="Executing external process" date="2015-04-19T02:25:48.680" type="process" path="git.exe" arguments="branch" /><!-- duration: 47ms -->
      <step title="Executing external process" date="2015-04-19T02:25:48.727" type="process" path="git.exe" arguments="fetch external --progress" /><!-- duration: 1112ms -->
      <step title="Executing external process" date="2015-04-19T02:25:49.838" type="process" path="git.exe" arguments="update-ref refs/heads/master external/master" /><!-- duration: 111ms -->
      <step title="Executing external process" date="2015-04-19T02:25:49.950" type="process" path="git.exe" arguments="checkout master --force" /><!-- duration: 254ms -->
      <step title="Executing external process" date="2015-04-19T02:25:50.204" type="process" path="git.exe" arguments="remote rm external" /><!-- duration: 234ms -->
      <step title="Executing external process" date="2015-04-19T02:25:50.454" type="process" path="git.exe" arguments="log -n 1 master --" /><!-- duration: 62ms -->
      <step title="Executing external process" date="2015-04-19T02:25:50.532" type="process" path="git.exe" arguments="log -n 1 master --" /><!-- duration: 78ms -->
      <step title="DeploymentManager.Deploy(id)" date="2015-04-19T02:25:50.626" >
        <step title="Collecting changeset information" date="2015-04-19T02:25:50.641" /><!-- duration: 60ms -->
        <step title="Updating submodules" date="2015-04-19T02:25:50.701" /><!-- duration: 103ms -->
        <step title="Determining deployment builder" date="2015-04-19T02:25:50.914" >
          <step title="Executing external process" date="2015-04-19T02:25:50.930" type="process" path="git.exe" arguments="ls-files *.csproj *.vbproj *.fsproj *.sln" /><!-- duration: 31ms -->
          <step title="Builder is NodeSiteBuilder" date="2015-04-19T02:25:51.416" /><!-- duration: 0ms -->
        </step><!-- duration: 518ms -->
        <step title="Copying SSH keys" date="2015-04-19T02:25:51.448" /><!-- duration: 31ms -->
        <step title="Building" date="2015-04-19T02:25:51.479" >
          <step title="Generating deployment script" date="2015-04-19T02:25:51.541" >
            <step title="Using cached version of the deployment script for command: -y --no-dot-deployment -r &quot;D:\home\site\repository&quot; -o &quot;D:\home\site\deployments\tools&quot; --node --sitePath &quot;D:\home\site\repository&quot;" date="2015-04-19T02:25:51.574" /><!-- duration: 0ms -->
          </step><!-- duration: 48ms -->
          <step title="Executing external process" date="2015-04-19T02:25:51.703" type="process" path="starter.cmd" arguments="&quot;D:\home\site\deployments\tools\deploy.cmd&quot;" /><!-- duration: 3518ms -->
        </step><!-- duration: 4113ms -->
      </step><!-- duration: 4982ms -->
      <step title="Cleaning up temp files" date="2015-04-19T02:25:55.608" /><!-- duration: 0ms -->
      <step title="WebHooksManager.PublishEventAsync: PostDeployment" date="2015-04-19T02:25:55.640" /><!-- duration: 17ms -->
    </step><!-- duration: 7388ms -->
  </step><!-- duration: 8300ms -->
  <step title="Outgoing response" date="2015-04-19T02:25:55.737" type="response" statusCode="200" statusText="OK" Server="Microsoft-IIS/8.0" Cache-Control="private" X-AspNet-Version="4.0.30319" /><!-- duration: 16ms -->
</step><!-- duration: 8867ms -->
