<step title="Incoming Request" date="2015-04-19T01:56:29.736" instance="896fff" url="/deploy?scmType=GitHub" method="POST" type="request" pid="600,2,11" Connection="Keep-Alive" Content-Length="8772" Content-Type="application/x-www-form-urlencoded" Accept="*/*" Host="enlightonme.scm.azurewebsites.net" User-Agent="GitHub-Hookshot/9a55c2d" X-GitHub-Event="push" X-GitHub-Delivery="4ac56e00-e637-11e4-9902-0f84c1974462" X-SITE-DEPLOYMENT-ID="enlightonme" X-MS-WAWS-JWT="" >
  <step title="FetchHandler" date="2015-04-19T01:56:29.814" >
    <step title="Attempting to fetch target branch master" date="2015-04-19T01:56:30.002" /><!-- duration: 0ms -->
    <step title="Executing external process" date="2015-04-19T01:56:30.049" type="process" path="git.exe" arguments="rev-parse --git-dir" /><!-- duration: 63ms -->
    <step title="Assuming git repository at D:\home\site\repository" date="2015-04-19T01:56:30.127" /><!-- duration: 0ms -->
    <step title="Performing fetch based deployment" date="2015-04-19T01:56:30.480" >
      <step title="Creating temporary deployment" date="2015-04-19T01:56:30.496" /><!-- duration: 63ms -->
      <step title="Executing external process" date="2015-04-19T01:56:30.622" type="process" path="git.exe" arguments="rev-parse --git-dir" /><!-- duration: 47ms -->
      <step title="Executing external process" date="2015-04-19T01:56:30.669" type="process" path="git.exe" arguments="rev-parse --git-dir" /><!-- duration: 31ms -->
      <step title="Executing external process" date="2015-04-19T01:56:30.716" type="process" path="git.exe" arguments="remote add -t master external &quot;git@github.com:jkoritzinsky/enLightOn.me&quot;" /><!-- duration: 143ms -->
      <step title="Executing external process" date="2015-04-19T01:56:30.859" type="process" path="git.exe" arguments="branch" /><!-- duration: 63ms -->
      <step title="Executing external process" date="2015-04-19T01:56:30.937" type="process" path="git.exe" arguments="fetch external --progress" /><!-- duration: 1112ms -->
      <step title="Executing external process" date="2015-04-19T01:56:32.049" type="process" path="git.exe" arguments="update-ref refs/heads/master external/master" /><!-- duration: 123ms -->
      <step title="Executing external process" date="2015-04-19T01:56:32.171" type="process" path="git.exe" arguments="checkout master --force" /><!-- duration: 206ms -->
      <step title="Executing external process" date="2015-04-19T01:56:32.378" type="process" path="git.exe" arguments="remote rm external" /><!-- duration: 250ms -->
      <step title="Executing external process" date="2015-04-19T01:56:32.628" type="process" path="git.exe" arguments="log -n 1 master --" /><!-- duration: 172ms -->
      <step title="Executing external process" date="2015-04-19T01:56:32.847" type="process" path="git.exe" arguments="log -n 1 master --" /><!-- duration: 63ms -->
      <step title="DeploymentManager.Deploy(id)" date="2015-04-19T01:56:32.925" >
        <step title="Collecting changeset information" date="2015-04-19T01:56:32.942" /><!-- duration: 92ms -->
        <step title="Updating submodules" date="2015-04-19T01:56:33.050" /><!-- duration: 93ms -->
        <step title="Determining deployment builder" date="2015-04-19T01:56:33.284" >
          <step title="Executing external process" date="2015-04-19T01:56:33.300" type="process" path="git.exe" arguments="ls-files *.csproj *.vbproj *.fsproj *.sln" /><!-- duration: 47ms -->
          <step title="Builder is NodeSiteBuilder" date="2015-04-19T01:56:33.768" /><!-- duration: 0ms -->
        </step><!-- duration: 500ms -->
        <step title="Copying SSH keys" date="2015-04-19T01:56:33.815" /><!-- duration: 31ms -->
        <step title="Building" date="2015-04-19T01:56:33.862" >
          <step title="Generating deployment script" date="2015-04-19T01:56:33.956" >
            <step title="Using cached version of the deployment script for command: -y --no-dot-deployment -r &quot;D:\home\site\repository&quot; -o &quot;D:\home\site\deployments\tools&quot; --node --sitePath &quot;D:\home\site\repository&quot;" date="2015-04-19T01:56:34.018" /><!-- duration: 0ms -->
          </step><!-- duration: 94ms -->
          <step title="Executing external process" date="2015-04-19T01:56:34.253" type="process" path="starter.cmd" arguments="&quot;D:\home\site\deployments\tools\deploy.cmd&quot;" /><!-- duration: 3875ms -->
        </step><!-- duration: 4648ms -->
      </step><!-- duration: 5585ms -->
      <step title="Cleaning up temp files" date="2015-04-19T01:56:38.510" /><!-- duration: 17ms -->
      <step title="WebHooksManager.PublishEventAsync: PostDeployment" date="2015-04-19T01:56:38.548" /><!-- duration: 158ms -->
    </step><!-- duration: 8385ms -->
  </step><!-- duration: 9082ms -->
  <step title="Outgoing response" date="2015-04-19T01:56:38.896" type="response" statusCode="200" statusText="OK" Server="Microsoft-IIS/8.0" Cache-Control="private" X-AspNet-Version="4.0.30319" /><!-- duration: 0ms -->
</step><!-- duration: 9176ms -->
