<step title="Incoming Request" date="2015-04-19T02:45:28.431" instance="896fff" url="/deploy?scmType=GitHub" method="POST" type="request" pid="600,2,35" Connection="Keep-Alive" Content-Length="8746" Content-Type="application/x-www-form-urlencoded" Accept="*/*" Host="enlightonme.scm.azurewebsites.net" User-Agent="GitHub-Hookshot/9a55c2d" X-GitHub-Event="push" X-GitHub-Delivery="228d3d80-e63e-11e4-99ae-7f7c1916c3c8" X-SITE-DEPLOYMENT-ID="enlightonme" X-MS-WAWS-JWT="" >
  <step title="FetchHandler" date="2015-04-19T02:45:28.447" >
    <step title="Attempting to fetch target branch master" date="2015-04-19T02:45:28.463" /><!-- duration: 0ms -->
    <step title="Executing external process" date="2015-04-19T02:45:29.433" type="process" path="git.exe" arguments="rev-parse --git-dir" /><!-- duration: 63ms -->
    <step title="Assuming git repository at D:\home\site\repository" date="2015-04-19T02:45:29.496" /><!-- duration: 16ms -->
    <step title="Performing fetch based deployment" date="2015-04-19T02:45:29.905" >
      <step title="Creating temporary deployment" date="2015-04-19T02:45:29.905" /><!-- duration: 47ms -->
      <step title="Executing external process" date="2015-04-19T02:45:30.015" type="process" path="git.exe" arguments="rev-parse --git-dir" /><!-- duration: 47ms -->
      <step title="Executing external process" date="2015-04-19T02:45:30.062" type="process" path="git.exe" arguments="rev-parse --git-dir" /><!-- duration: 855ms -->
      <step title="Executing external process" date="2015-04-19T02:45:30.917" type="process" path="git.exe" arguments="remote add -t master external &quot;git@github.com:jkoritzinsky/enLightOn.me&quot;" /><!-- duration: 156ms -->
      <step title="Executing external process" date="2015-04-19T02:45:31.073" type="process" path="git.exe" arguments="branch" /><!-- duration: 64ms -->
      <step title="Executing external process" date="2015-04-19T02:45:31.137" type="process" path="git.exe" arguments="fetch external --progress" /><!-- duration: 1249ms -->
      <step title="Executing external process" date="2015-04-19T02:45:32.402" type="process" path="git.exe" arguments="update-ref refs/heads/master external/master" /><!-- duration: 111ms -->
      <step title="Executing external process" date="2015-04-19T02:45:32.513" type="process" path="git.exe" arguments="checkout master --force" /><!-- duration: 408ms -->
      <step title="Executing external process" date="2015-04-19T02:45:32.921" type="process" path="git.exe" arguments="remote rm external" /><!-- duration: 174ms -->
      <step title="Executing external process" date="2015-04-19T02:45:33.095" type="process" path="git.exe" arguments="log -n 1 master --" /><!-- duration: 158ms -->
      <step title="Executing external process" date="2015-04-19T02:45:33.393" type="process" path="git.exe" arguments="log -n 1 master --" /><!-- duration: 62ms -->
      <step title="DeploymentManager.Deploy(id)" date="2015-04-19T02:45:33.456" >
        <step title="Collecting changeset information" date="2015-04-19T02:45:33.471" /><!-- duration: 49ms -->
        <step title="Updating submodules" date="2015-04-19T02:45:33.520" /><!-- duration: 63ms -->
        <step title="Determining deployment builder" date="2015-04-19T02:45:33.697" >
          <step title="Executing external process" date="2015-04-19T02:45:33.697" type="process" path="git.exe" arguments="ls-files *.csproj *.vbproj *.fsproj *.sln" /><!-- duration: 48ms -->
          <step title="Builder is NodeSiteBuilder" date="2015-04-19T02:45:34.060" /><!-- duration: 0ms -->
        </step><!-- duration: 363ms -->
        <step title="Copying SSH keys" date="2015-04-19T02:45:34.177" /><!-- duration: 16ms -->
        <step title="Building" date="2015-04-19T02:45:34.209" >
          <step title="Generating deployment script" date="2015-04-19T02:45:34.271" >
            <step title="Using cached version of the deployment script for command: -y --no-dot-deployment -r &quot;D:\home\site\repository&quot; -o &quot;D:\home\site\deployments\tools&quot; --node --sitePath &quot;D:\home\site\repository&quot;" date="2015-04-19T02:45:34.302" /><!-- duration: 0ms -->
          </step><!-- duration: 48ms -->
          <step title="Executing external process" date="2015-04-19T02:45:34.431" type="process" path="starter.cmd" arguments="&quot;D:\home\site\deployments\tools\deploy.cmd&quot;" /><!-- duration: 3724ms -->
          <step title="Purge deployment items" date="2015-04-19T02:45:38.606" >
            <step title="Remove 9be8ddfaa, Success, received at 4/19/2015 12:24:18 AM" date="2015-04-19T02:45:38.668" /><!-- duration: 0ms -->
          </step><!-- duration: 62ms -->
        </step><!-- duration: 4491ms -->
      </step><!-- duration: 5244ms -->
      <step title="Cleaning up temp files" date="2015-04-19T02:45:38.699" /><!-- duration: 16ms -->
      <step title="WebHooksManager.PublishEventAsync: PostDeployment" date="2015-04-19T02:45:38.731" /><!-- duration: 16ms -->
    </step><!-- duration: 8891ms -->
  </step><!-- duration: 10364ms -->
  <step title="Outgoing response" date="2015-04-19T02:45:38.811" type="response" statusCode="200" statusText="OK" Server="Microsoft-IIS/8.0" Cache-Control="private" X-AspNet-Version="4.0.30319" /><!-- duration: 0ms -->
</step><!-- duration: 10395ms -->
