<step title="Incoming Request" date="2015-04-18T21:44:46.825" instance="896fff" url="/deploy?scmType=GitHub" method="POST" type="request" pid="3276,2,6" Connection="Keep-Alive" Content-Length="8870" Content-Type="application/x-www-form-urlencoded" Accept="*/*" Host="enlightonme.scm.azurewebsites.net" User-Agent="GitHub-Hookshot/9a55c2d" X-GitHub-Event="push" X-GitHub-Delivery="1f7d5780-e614-11e4-821e-066e71391604" X-SITE-DEPLOYMENT-ID="enlightonme" X-MS-WAWS-JWT="" >
  <step title="FetchHandler" date="2015-04-18T21:44:46.950" >
    <step title="Attempting to fetch target branch master" date="2015-04-18T21:44:47.044" /><!-- duration: 16ms -->
    <step title="Executing external process" date="2015-04-18T21:44:47.091" type="process" path="git.exe" arguments="rev-parse --git-dir" /><!-- duration: 578ms -->
    <step title="Assuming git repository at D:\home\site\repository" date="2015-04-18T21:44:47.684" /><!-- duration: 0ms -->
    <step title="Performing fetch based deployment" date="2015-04-18T21:44:47.809" >
      <step title="Creating temporary deployment" date="2015-04-18T21:44:47.841" /><!-- duration: 63ms -->
      <step title="Executing external process" date="2015-04-18T21:44:47.989" type="process" path="git.exe" arguments="rev-parse --git-dir" /><!-- duration: 48ms -->
      <step title="Executing external process" date="2015-04-18T21:44:48.759" type="process" path="git.exe" arguments="rev-parse --git-dir" /><!-- duration: 32ms -->
      <step title="Executing external process" date="2015-04-18T21:44:48.806" type="process" path="git.exe" arguments="remote add -t master external &quot;git@github.com:jkoritzinsky/enLightOn.me&quot;" /><!-- duration: 163ms -->
      <step title="Executing external process" date="2015-04-18T21:44:48.969" type="process" path="git.exe" arguments="branch" /><!-- duration: 47ms -->
      <step title="Executing external process" date="2015-04-18T21:44:49.032" type="process" path="git.exe" arguments="fetch external --progress" /><!-- duration: 1358ms -->
      <step title="Executing external process" date="2015-04-18T21:44:50.390" type="process" path="git.exe" arguments="update-ref refs/heads/master external/master" /><!-- duration: 111ms -->
      <step title="Executing external process" date="2015-04-18T21:44:50.518" type="process" path="git.exe" arguments="checkout master --force" /><!-- duration: 183ms -->
      <step title="Executing external process" date="2015-04-18T21:44:50.700" type="process" path="git.exe" arguments="remote rm external" /><!-- duration: 189ms -->
      <step title="Executing external process" date="2015-04-18T21:44:50.905" type="process" path="git.exe" arguments="log -n 1 master --" /><!-- duration: 47ms -->
      <step title="Executing external process" date="2015-04-18T21:44:50.986" type="process" path="git.exe" arguments="log -n 1 master --" /><!-- duration: 47ms -->
      <step title="DeploymentManager.Deploy(id)" date="2015-04-18T21:44:51.033" >
        <step title="Collecting changeset information" date="2015-04-18T21:44:51.049" /><!-- duration: 50ms -->
        <step title="Updating submodules" date="2015-04-18T21:44:51.099" /><!-- duration: 79ms -->
        <step title="Determining deployment builder" date="2015-04-18T21:44:51.293" >
          <step title="Executing external process" date="2015-04-18T21:44:51.309" type="process" path="git.exe" arguments="ls-files *.csproj *.vbproj *.fsproj *.sln" /><!-- duration: 63ms -->
          <step title="Builder is NodeSiteBuilder" date="2015-04-18T21:44:51.482" /><!-- duration: 0ms -->
        </step><!-- duration: 197ms -->
        <step title="Copying SSH keys" date="2015-04-18T21:44:51.506" /><!-- duration: 31ms -->
        <step title="Building" date="2015-04-18T21:44:51.537" >
          <step title="Generating deployment script" date="2015-04-18T21:44:51.618" >
            <step title="Executing external process" date="2015-04-18T21:44:51.711" type="process" path="starter.cmd" arguments="&quot;D:\Program Files (x86)\SiteExtensions\Kudu\44.40415.1492\bin\node_modules\.bin\kuduscript.cmd&quot; -y --no-dot-deployment -r &quot;D:\home\site\repository&quot; -o &quot;D:\home\site\deployments\tools&quot; --node --sitePath &quot;D:\home\site\repository&quot;" /><!-- duration: 375ms -->
            <step title="Saved cached version of the deployment script for command -y --no-dot-deployment -r &quot;D:\home\site\repository&quot; -o &quot;D:\home\site\deployments\tools&quot; --node --sitePath &quot;D:\home\site\repository&quot;" date="2015-04-18T21:44:52.086" /><!-- duration: 0ms -->
          </step><!-- duration: 484ms -->
          <step title="Executing external process" date="2015-04-18T21:44:52.235" type="process" path="starter.cmd" arguments="&quot;D:\home\site\deployments\tools\deploy.cmd&quot;" /><!-- duration: 44714ms -->
        </step><!-- duration: 45624ms -->
      </step><!-- duration: 46128ms -->
      <step title="Cleaning up temp files" date="2015-04-18T21:45:37.177" /><!-- duration: 0ms -->
      <step title="WebHooksManager.PublishEventAsync: PostDeployment" date="2015-04-18T21:45:37.208" /><!-- duration: 47ms -->
    </step><!-- duration: 49477ms -->
  </step><!-- duration: 50352ms -->
  <step title="Outgoing response" date="2015-04-18T21:45:37.302" type="response" statusCode="200" statusText="OK" Server="Microsoft-IIS/8.0" Cache-Control="private" X-AspNet-Version="4.0.30319" /><!-- duration: 0ms -->
</step><!-- duration: 50492ms -->
