<step title="Incoming Request" date="2015-04-19T03:40:57.726" instance="896fff" url="/deploy?scmType=GitHub" method="POST" type="request" pid="5040,2,6" Connection="Keep-Alive" Content-Length="8766" Content-Type="application/x-www-form-urlencoded" Accept="*/*" Host="enlightonme.scm.azurewebsites.net" User-Agent="GitHub-Hookshot/9a55c2d" X-GitHub-Event="push" X-GitHub-Delivery="e2ca5400-e645-11e4-8a69-1aeb1b220889" X-SITE-DEPLOYMENT-ID="enlightonme" X-MS-WAWS-JWT="" >
  <step title="FetchHandler" date="2015-04-19T03:40:57.757" >
    <step title="Attempting to fetch target branch master" date="2015-04-19T03:40:57.772" /><!-- duration: 0ms -->
    <step title="Executing external process" date="2015-04-19T03:40:57.788" type="process" path="git.exe" arguments="rev-parse --git-dir" /><!-- duration: 94ms -->
    <step title="Assuming git repository at D:\home\site\repository" date="2015-04-19T03:40:57.882" /><!-- duration: 0ms -->
    <step title="Performing fetch based deployment" date="2015-04-19T03:40:58.295" >
      <step title="Creating temporary deployment" date="2015-04-19T03:40:58.312" /><!-- duration: 31ms -->
      <step title="Executing external process" date="2015-04-19T03:40:58.411" type="process" path="git.exe" arguments="rev-parse --git-dir" /><!-- duration: 78ms -->
      <step title="Executing external process" date="2015-04-19T03:40:58.504" type="process" path="git.exe" arguments="rev-parse --git-dir" /><!-- duration: 74ms -->
      <step title="Executing external process" date="2015-04-19T03:40:58.594" type="process" path="git.exe" arguments="remote add -t master external &quot;git@github.com:jkoritzinsky/enLightOn.me&quot;" /><!-- duration: 175ms -->
      <step title="Executing external process" date="2015-04-19T03:40:58.769" type="process" path="git.exe" arguments="branch" /><!-- duration: 960ms -->
      <step title="Executing external process" date="2015-04-19T03:40:59.730" type="process" path="git.exe" arguments="fetch external --progress" /><!-- duration: 1378ms -->
      <step title="Executing external process" date="2015-04-19T03:41:01.108" type="process" path="git.exe" arguments="update-ref refs/heads/master external/master" /><!-- duration: 202ms -->
      <step title="Executing external process" date="2015-04-19T03:41:01.326" type="process" path="git.exe" arguments="checkout master --force" /><!-- duration: 1260ms -->
      <step title="Executing external process" date="2015-04-19T03:41:02.586" type="process" path="git.exe" arguments="remote rm external" /><!-- duration: 204ms -->
      <step title="Executing external process" date="2015-04-19T03:41:02.805" type="process" path="git.exe" arguments="log -n 1 master --" /><!-- duration: 94ms -->
      <step title="Executing external process" date="2015-04-19T03:41:02.930" type="process" path="git.exe" arguments="log -n 1 master --" /><!-- duration: 94ms -->
      <step title="DeploymentManager.Deploy(id)" date="2015-04-19T03:41:03.024" >
        <step title="Collecting changeset information" date="2015-04-19T03:41:03.040" /><!-- duration: 50ms -->
        <step title="Updating submodules" date="2015-04-19T03:41:03.089" /><!-- duration: 69ms -->
        <step title="Determining deployment builder" date="2015-04-19T03:41:03.258" >
          <step title="Executing external process" date="2015-04-19T03:41:03.274" type="process" path="git.exe" arguments="ls-files *.csproj *.vbproj *.fsproj *.sln" /><!-- duration: 109ms -->
          <step title="Builder is NodeSiteBuilder" date="2015-04-19T03:41:04.395" /><!-- duration: 0ms -->
        </step><!-- duration: 1152ms -->
        <step title="Copying SSH keys" date="2015-04-19T03:41:04.441" /><!-- duration: 16ms -->
        <step title="Building" date="2015-04-19T03:41:04.473" >
          <step title="Generating deployment script" date="2015-04-19T03:41:04.536" >
            <step title="Using cached version of the deployment script for command: -y --no-dot-deployment -r &quot;D:\home\site\repository&quot; -o &quot;D:\home\site\deployments\tools&quot; --node --sitePath &quot;D:\home\site\repository&quot;" date="2015-04-19T03:41:04.567" /><!-- duration: 0ms -->
          </step><!-- duration: 48ms -->
          <step title="Executing external process" date="2015-04-19T03:41:04.693" type="process" path="starter.cmd" arguments="&quot;D:\home\site\deployments\tools\deploy.cmd&quot;" /><!-- duration: 5839ms -->
          <step title="Purge deployment items" date="2015-04-19T03:41:11.065" >
            <step title="Remove a3b255eae, Success, received at 4/19/2015 2:27:41 AM" date="2015-04-19T03:41:11.130" /><!-- duration: 0ms -->
          </step><!-- duration: 65ms -->
        </step><!-- duration: 6689ms -->
      </step><!-- duration: 8137ms -->
      <step title="Cleaning up temp files" date="2015-04-19T03:41:11.177" /><!-- duration: 0ms -->
      <step title="WebHooksManager.PublishEventAsync: PostDeployment" date="2015-04-19T03:41:11.193" /><!-- duration: 16ms -->
    </step><!-- duration: 12995ms -->
  </step><!-- duration: 13549ms -->
  <step title="Outgoing response" date="2015-04-19T03:41:11.305" type="response" statusCode="200" statusText="OK" Server="Microsoft-IIS/8.0" Cache-Control="private" X-AspNet-Version="4.0.30319" /><!-- duration: 0ms -->
</step><!-- duration: 13596ms -->
