<step title="Incoming Request" date="2015-04-19T02:27:38.179" instance="896fff" url="/deploy?scmType=GitHub" method="POST" type="request" pid="600,2,20" Connection="Keep-Alive" Content-Length="8756" Content-Type="application/x-www-form-urlencoded" Accept="*/*" Host="enlightonme.scm.azurewebsites.net" User-Agent="GitHub-Hookshot/9a55c2d" X-GitHub-Event="push" X-GitHub-Delivery="a4c83280-e63b-11e4-850f-ac18bb66efd2" X-SITE-DEPLOYMENT-ID="enlightonme" X-MS-WAWS-JWT="" >
  <step title="FetchHandler" date="2015-04-19T02:27:38.210" >
    <step title="Attempting to fetch target branch master" date="2015-04-19T02:27:38.210" /><!-- duration: 0ms -->
    <step title="Executing external process" date="2015-04-19T02:27:38.226" type="process" path="git.exe" arguments="rev-parse --git-dir" /><!-- duration: 47ms -->
    <step title="Assuming git repository at D:\home\site\repository" date="2015-04-19T02:27:38.288" /><!-- duration: 0ms -->
    <step title="Performing fetch based deployment" date="2015-04-19T02:27:38.637" >
      <step title="Creating temporary deployment" date="2015-04-19T02:27:38.637" /><!-- duration: 47ms -->
      <step title="Executing external process" date="2015-04-19T02:27:38.732" type="process" path="git.exe" arguments="rev-parse --git-dir" /><!-- duration: 31ms -->
      <step title="Executing external process" date="2015-04-19T02:27:38.779" type="process" path="git.exe" arguments="rev-parse --git-dir" /><!-- duration: 31ms -->
      <step title="Executing external process" date="2015-04-19T02:27:38.810" type="process" path="git.exe" arguments="remote add -t master external &quot;git@github.com:jkoritzinsky/enLightOn.me&quot;" /><!-- duration: 127ms -->
      <step title="Executing external process" date="2015-04-19T02:27:38.953" type="process" path="git.exe" arguments="branch" /><!-- duration: 47ms -->
      <step title="Executing external process" date="2015-04-19T02:27:39.000" type="process" path="git.exe" arguments="fetch external --progress" /><!-- duration: 1629ms -->
      <step title="Executing external process" date="2015-04-19T02:27:40.629" type="process" path="git.exe" arguments="update-ref refs/heads/master external/master" /><!-- duration: 219ms -->
      <step title="Executing external process" date="2015-04-19T02:27:40.848" type="process" path="git.exe" arguments="checkout master --force" /><!-- duration: 312ms -->
      <step title="Executing external process" date="2015-04-19T02:27:41.176" type="process" path="git.exe" arguments="remote rm external" /><!-- duration: 234ms -->
      <step title="Executing external process" date="2015-04-19T02:27:41.442" type="process" path="git.exe" arguments="log -n 1 master --" /><!-- duration: 62ms -->
      <step title="Executing external process" date="2015-04-19T02:27:41.535" type="process" path="git.exe" arguments="log -n 1 master --" /><!-- duration: 62ms -->
      <step title="DeploymentManager.Deploy(id)" date="2015-04-19T02:27:41.598" >
        <step title="Collecting changeset information" date="2015-04-19T02:27:41.613" /><!-- duration: 62ms -->
        <step title="Updating submodules" date="2015-04-19T02:27:41.692" /><!-- duration: 78ms -->
        <step title="Determining deployment builder" date="2015-04-19T02:27:41.926" >
          <step title="Executing external process" date="2015-04-19T02:27:41.942" type="process" path="git.exe" arguments="ls-files *.csproj *.vbproj *.fsproj *.sln" /><!-- duration: 47ms -->
          <step title="Builder is NodeSiteBuilder" date="2015-04-19T02:27:42.442" /><!-- duration: 16ms -->
        </step><!-- duration: 547ms -->
        <step title="Copying SSH keys" date="2015-04-19T02:27:42.504" /><!-- duration: 109ms -->
        <step title="Building" date="2015-04-19T02:27:42.629" >
          <step title="Generating deployment script" date="2015-04-19T02:27:42.801" >
            <step title="Using cached version of the deployment script for command: -y --no-dot-deployment -r &quot;D:\home\site\repository&quot; -o &quot;D:\home\site\deployments\tools&quot; --node --sitePath &quot;D:\home\site\repository&quot;" date="2015-04-19T02:27:42.863" /><!-- duration: 0ms -->
          </step><!-- duration: 78ms -->
          <step title="Executing external process" date="2015-04-19T02:27:43.020" type="process" path="starter.cmd" arguments="&quot;D:\home\site\deployments\tools\deploy.cmd&quot;" /><!-- duration: 4875ms -->
          <step title="Purge deployment items" date="2015-04-19T02:27:48.556" >
            <step title="Remove 7b3427b1b, Success, received at 4/18/2015 8:46:38 PM" date="2015-04-19T02:27:48.697" /><!-- duration: 16ms -->
          </step><!-- duration: 156ms -->
        </step><!-- duration: 6115ms -->
      </step><!-- duration: 7146ms -->
      <step title="Cleaning up temp files" date="2015-04-19T02:27:48.759" /><!-- duration: 0ms -->
      <step title="WebHooksManager.PublishEventAsync: PostDeployment" date="2015-04-19T02:27:48.790" /><!-- duration: 31ms -->
    </step><!-- duration: 10201ms -->
  </step><!-- duration: 10659ms -->
  <step title="Outgoing response" date="2015-04-19T02:27:48.869" type="response" statusCode="200" statusText="OK" Server="Microsoft-IIS/8.0" Cache-Control="private" X-AspNet-Version="4.0.30319" /><!-- duration: 16ms -->
</step><!-- duration: 10705ms -->
