<step title="Incoming Request" date="2015-04-19T00:24:12.692" instance="896fff" url="/deploy?scmType=GitHub" method="POST" type="request" pid="1560,2,13" Connection="Keep-Alive" Content-Length="21560" Content-Type="application/x-www-form-urlencoded" Accept="*/*" Host="enlightonme.scm.azurewebsites.net" User-Agent="GitHub-Hookshot/9a55c2d" X-GitHub-Event="push" X-GitHub-Delivery="65ddb100-e62a-11e4-90c9-3759c8e9ee0b" X-SITE-DEPLOYMENT-ID="enlightonme" X-MS-WAWS-JWT="" >
  <step title="FetchHandler" date="2015-04-19T00:24:12.739" >
    <step title="Attempting to fetch target branch master" date="2015-04-19T00:24:12.817" /><!-- duration: 0ms -->
    <step title="Executing external process" date="2015-04-19T00:24:12.850" type="process" path="git.exe" arguments="rev-parse --git-dir" /><!-- duration: 80ms -->
    <step title="Assuming git repository at D:\home\site\repository" date="2015-04-19T00:24:12.930" /><!-- duration: 0ms -->
    <step title="Performing fetch based deployment" date="2015-04-19T00:24:13.085" >
      <step title="Creating temporary deployment" date="2015-04-19T00:24:13.147" /><!-- duration: 47ms -->
      <step title="Executing external process" date="2015-04-19T00:24:13.260" type="process" path="git.exe" arguments="rev-parse --git-dir" /><!-- duration: 570ms -->
      <step title="Executing external process" date="2015-04-19T00:24:13.830" type="process" path="git.exe" arguments="rev-parse --git-dir" /><!-- duration: 31ms -->
      <step title="Executing external process" date="2015-04-19T00:24:13.877" type="process" path="git.exe" arguments="remote add -t master external &quot;git@github.com:jkoritzinsky/enLightOn.me&quot;" /><!-- duration: 141ms -->
      <step title="Executing external process" date="2015-04-19T00:24:14.019" type="process" path="git.exe" arguments="branch" /><!-- duration: 47ms -->
      <step title="Executing external process" date="2015-04-19T00:24:14.081" type="process" path="git.exe" arguments="fetch external --progress" /><!-- duration: 3189ms -->
      <step title="Executing external process" date="2015-04-19T00:24:17.270" type="process" path="git.exe" arguments="update-ref refs/heads/master external/master" /><!-- duration: 102ms -->
      <step title="Executing external process" date="2015-04-19T00:24:17.388" type="process" path="git.exe" arguments="checkout master --force" /><!-- duration: 596ms -->
      <step title="Executing external process" date="2015-04-19T00:24:17.984" type="process" path="git.exe" arguments="remote rm external" /><!-- duration: 297ms -->
      <step title="Executing external process" date="2015-04-19T00:24:18.281" type="process" path="git.exe" arguments="log -n 1 master --" /><!-- duration: 63ms -->
      <step title="Executing external process" date="2015-04-19T00:24:18.390" type="process" path="git.exe" arguments="log -n 1 master --" /><!-- duration: 62ms -->
      <step title="DeploymentManager.Deploy(id)" date="2015-04-19T00:24:18.453" >
        <step title="Collecting changeset information" date="2015-04-19T00:24:18.468" /><!-- duration: 63ms -->
        <step title="Updating submodules" date="2015-04-19T00:24:18.547" /><!-- duration: 109ms -->
        <step title="Determining deployment builder" date="2015-04-19T00:24:18.828" >
          <step title="Executing external process" date="2015-04-19T00:24:18.843" type="process" path="git.exe" arguments="ls-files *.csproj *.vbproj *.fsproj *.sln" /><!-- duration: 62ms -->
          <step title="Builder is NodeSiteBuilder" date="2015-04-19T00:24:19.375" /><!-- duration: 16ms -->
        </step><!-- duration: 562ms -->
        <step title="Copying SSH keys" date="2015-04-19T00:24:19.422" /><!-- duration: 31ms -->
        <step title="Building" date="2015-04-19T00:24:19.468" >
          <step title="Generating deployment script" date="2015-04-19T00:24:19.546" >
            <step title="Using cached version of the deployment script for command: -y --no-dot-deployment -r &quot;D:\home\site\repository&quot; -o &quot;D:\home\site\deployments\tools&quot; --node --sitePath &quot;D:\home\site\repository&quot;" date="2015-04-19T00:24:19.625" /><!-- duration: 62ms -->
          </step><!-- duration: 172ms -->
          <step title="Executing external process" date="2015-04-19T00:24:19.906" type="process" path="starter.cmd" arguments="&quot;D:\home\site\deployments\tools\deploy.cmd&quot;" /><!-- duration: 4031ms -->
        </step><!-- duration: 4776ms -->
      </step><!-- duration: 5792ms -->
      <step title="Cleaning up temp files" date="2015-04-19T00:24:24.245" /><!-- duration: 16ms -->
      <step title="WebHooksManager.PublishEventAsync: PostDeployment" date="2015-04-19T00:24:24.276" /><!-- duration: 100ms -->
    </step><!-- duration: 11443ms -->
  </step><!-- duration: 11804ms -->
  <step title="Outgoing response" date="2015-04-19T00:24:24.543" type="response" statusCode="200" statusText="OK" Server="Microsoft-IIS/8.0" Cache-Control="private" X-AspNet-Version="4.0.30319" /><!-- duration: 0ms -->
</step><!-- duration: 11867ms -->
