<step title="Incoming Request" date="2015-04-19T03:34:53.716" instance="896fff" url="/deploy?scmType=GitHub" method="POST" type="request" pid="5040,2,6" Connection="Keep-Alive" Content-Length="8802" Content-Type="application/x-www-form-urlencoded" Accept="*/*" Host="enlightonme.scm.azurewebsites.net" User-Agent="GitHub-Hookshot/9a55c2d" X-GitHub-Event="push" X-GitHub-Delivery="09d45600-e645-11e4-9ca3-02d6509b04cf" X-SITE-DEPLOYMENT-ID="enlightonme" X-MS-WAWS-JWT="" >
  <step title="FetchHandler" date="2015-04-19T03:34:53.794" >
    <step title="Attempting to fetch target branch master" date="2015-04-19T03:34:54.169" /><!-- duration: 0ms -->
    <step title="Executing external process" date="2015-04-19T03:34:54.329" type="process" path="git.exe" arguments="rev-parse --git-dir" /><!-- duration: 188ms -->
    <step title="Assuming git repository at D:\home\site\repository" date="2015-04-19T03:34:54.518" /><!-- duration: 16ms -->
    <step title="Performing fetch based deployment" date="2015-04-19T03:34:54.958" >
      <step title="Creating temporary deployment" date="2015-04-19T03:34:54.989" /><!-- duration: 62ms -->
      <step title="Executing external process" date="2015-04-19T03:34:55.812" type="process" path="git.exe" arguments="rev-parse --git-dir" /><!-- duration: 94ms -->
      <step title="Executing external process" date="2015-04-19T03:34:55.922" type="process" path="git.exe" arguments="rev-parse --git-dir" /><!-- duration: 125ms -->
      <step title="Executing external process" date="2015-04-19T03:34:56.047" type="process" path="git.exe" arguments="remote add -t master external &quot;git@github.com:jkoritzinsky/enLightOn.me&quot;" /><!-- duration: 166ms -->
      <step title="Executing external process" date="2015-04-19T03:34:56.213" type="process" path="git.exe" arguments="branch" /><!-- duration: 94ms -->
      <step title="Executing external process" date="2015-04-19T03:34:56.322" type="process" path="git.exe" arguments="fetch external --progress" /><!-- duration: 1744ms -->
      <step title="Executing external process" date="2015-04-19T03:34:58.082" type="process" path="git.exe" arguments="update-ref refs/heads/master external/master" /><!-- duration: 147ms -->
      <step title="Executing external process" date="2015-04-19T03:34:58.229" type="process" path="git.exe" arguments="checkout master --force" /><!-- duration: 1353ms -->
      <step title="Executing external process" date="2015-04-19T03:34:59.582" type="process" path="git.exe" arguments="remote rm external" /><!-- duration: 243ms -->
      <step title="Executing external process" date="2015-04-19T03:34:59.827" type="process" path="git.exe" arguments="log -n 1 master --" /><!-- duration: 94ms -->
      <step title="Executing external process" date="2015-04-19T03:34:59.968" type="process" path="git.exe" arguments="log -n 1 master --" /><!-- duration: 94ms -->
      <step title="DeploymentManager.Deploy(id)" date="2015-04-19T03:35:00.093" >
        <step title="Collecting changeset information" date="2015-04-19T03:35:00.093" /><!-- duration: 69ms -->
        <step title="Updating submodules" date="2015-04-19T03:35:00.179" /><!-- duration: 64ms -->
        <step title="Determining deployment builder" date="2015-04-19T03:35:00.384" >
          <step title="Executing external process" date="2015-04-19T03:35:00.415" type="process" path="git.exe" arguments="ls-files *.csproj *.vbproj *.fsproj *.sln" /><!-- duration: 94ms -->
          <step title="Builder is NodeSiteBuilder" date="2015-04-19T03:35:01.584" /><!-- duration: 16ms -->
        </step><!-- duration: 1216ms -->
        <step title="Copying SSH keys" date="2015-04-19T03:35:01.631" /><!-- duration: 16ms -->
        <step title="Building" date="2015-04-19T03:35:01.665" >
          <step title="Generating deployment script" date="2015-04-19T03:35:01.732" >
            <step title="Using cached version of the deployment script for command: -y --no-dot-deployment -r &quot;D:\home\site\repository&quot; -o &quot;D:\home\site\deployments\tools&quot; --node --sitePath &quot;D:\home\site\repository&quot;" date="2015-04-19T03:35:01.857" /><!-- duration: 0ms -->
          </step><!-- duration: 170ms -->
          <step title="Executing external process" date="2015-04-19T03:35:02.084" type="process" path="starter.cmd" arguments="&quot;D:\home\site\deployments\tools\deploy.cmd&quot;" /><!-- duration: 8259ms -->
          <step title="Purge deployment items" date="2015-04-19T03:35:10.794" >
            <step title="Remove ebe1808c8, Success, received at 4/19/2015 2:21:51 AM" date="2015-04-19T03:35:10.891" /><!-- duration: 0ms -->
          </step><!-- duration: 97ms -->
        </step><!-- duration: 9245ms -->
      </step><!-- duration: 10834ms -->
      <step title="Cleaning up temp files" date="2015-04-19T03:35:10.927" /><!-- duration: 0ms -->
      <step title="WebHooksManager.PublishEventAsync: PostDeployment" date="2015-04-19T03:35:10.959" /><!-- duration: 359ms -->
    </step><!-- duration: 16658ms -->
  </step><!-- duration: 17838ms -->
  <step title="Outgoing response" date="2015-04-19T03:35:11.632" type="response" statusCode="200" statusText="OK" Server="Microsoft-IIS/8.0" Cache-Control="private" X-AspNet-Version="4.0.30319" /><!-- duration: 0ms -->
</step><!-- duration: 17916ms -->
