<step title="Incoming Request" date="2015-04-19T03:06:10.060" instance="896fff" url="/deploy?scmType=GitHub" method="POST" type="request" pid="4268,2,8" Connection="Keep-Alive" Content-Length="197072" Content-Type="application/x-www-form-urlencoded" Accept="*/*" Host="enlightonme.scm.azurewebsites.net" User-Agent="GitHub-Hookshot/9a55c2d" X-GitHub-Event="push" X-GitHub-Delivery="05a63980-e641-11e4-8c22-4234d13d5a25" X-SITE-DEPLOYMENT-ID="enlightonme" X-MS-WAWS-JWT="" >
  <step title="FetchHandler" date="2015-04-19T03:06:10.107" >
    <step title="Attempting to fetch target branch master" date="2015-04-19T03:06:10.295" /><!-- duration: 0ms -->
    <step title="Executing external process" date="2015-04-19T03:06:10.342" type="process" path="git.exe" arguments="rev-parse --git-dir" /><!-- duration: 62ms -->
    <step title="Assuming git repository at D:\home\site\repository" date="2015-04-19T03:06:10.404" /><!-- duration: 16ms -->
    <step title="Performing fetch based deployment" date="2015-04-19T03:06:10.815" >
      <step title="Creating temporary deployment" date="2015-04-19T03:06:10.847" /><!-- duration: 140ms -->
      <step title="Executing external process" date="2015-04-19T03:06:11.096" type="process" path="git.exe" arguments="rev-parse --git-dir" /><!-- duration: 31ms -->
      <step title="Executing external process" date="2015-04-19T03:06:11.128" type="process" path="git.exe" arguments="rev-parse --git-dir" /><!-- duration: 47ms -->
      <step title="Executing external process" date="2015-04-19T03:06:11.175" type="process" path="git.exe" arguments="remote add -t master external &quot;git@github.com:jkoritzinsky/enLightOn.me&quot;" /><!-- duration: 141ms -->
      <step title="Executing external process" date="2015-04-19T03:06:11.331" type="process" path="git.exe" arguments="branch" /><!-- duration: 47ms -->
      <step title="Executing external process" date="2015-04-19T03:06:11.393" type="process" path="git.exe" arguments="fetch external --progress" /><!-- duration: 4548ms -->
      <step title="Executing external process" date="2015-04-19T03:06:15.941" type="process" path="git.exe" arguments="update-ref refs/heads/master external/master" /><!-- duration: 110ms -->
      <step title="Executing external process" date="2015-04-19T03:06:16.051" type="process" path="git.exe" arguments="checkout master --force" /><!-- duration: 6270ms -->
      <step title="Executing external process" date="2015-04-19T03:06:22.321" type="process" path="git.exe" arguments="remote rm external" /><!-- duration: 239ms -->
      <step title="Executing external process" date="2015-04-19T03:06:22.576" type="process" path="git.exe" arguments="log -n 1 master --" /><!-- duration: 47ms -->
      <step title="Executing external process" date="2015-04-19T03:06:22.638" type="process" path="git.exe" arguments="log -n 1 master --" /><!-- duration: 63ms -->
      <step title="DeploymentManager.Deploy(id)" date="2015-04-19T03:06:22.701" >
        <step title="Collecting changeset information" date="2015-04-19T03:06:22.716" /><!-- duration: 47ms -->
        <step title="Updating submodules" date="2015-04-19T03:06:22.763" /><!-- duration: 62ms -->
        <step title="Determining deployment builder" date="2015-04-19T03:06:22.935" >
          <step title="Executing external process" date="2015-04-19T03:06:22.951" type="process" path="git.exe" arguments="ls-files *.csproj *.vbproj *.fsproj *.sln" /><!-- duration: 63ms -->
          <step title="Builder is NodeSiteBuilder" date="2015-04-19T03:06:23.946" /><!-- duration: 16ms -->
        </step><!-- duration: 1026ms -->
        <step title="Copying SSH keys" date="2015-04-19T03:06:23.992" /><!-- duration: 31ms -->
        <step title="Building" date="2015-04-19T03:06:24.024" >
          <step title="Generating deployment script" date="2015-04-19T03:06:24.094" >
            <step title="Using cached version of the deployment script for command: -y --no-dot-deployment -r &quot;D:\home\site\repository&quot; -o &quot;D:\home\site\deployments\tools&quot; --node --sitePath &quot;D:\home\site\repository&quot;" date="2015-04-19T03:06:24.140" /><!-- duration: 0ms -->
          </step><!-- duration: 70ms -->
          <step title="Executing external process" date="2015-04-19T03:06:24.259" type="process" path="starter.cmd" arguments="&quot;D:\home\site\deployments\tools\deploy.cmd&quot;" /><!-- duration: 16252ms -->
          <step title="Purge deployment items" date="2015-04-19T03:06:40.905" >
            <step title="Remove f88e8642b, Success, received at 4/19/2015 1:17:31 AM" date="2015-04-19T03:06:41.124" /><!-- duration: 0ms -->
          </step><!-- duration: 234ms -->
        </step><!-- duration: 17131ms -->
      </step><!-- duration: 18454ms -->
      <step title="Cleaning up temp files" date="2015-04-19T03:06:41.172" /><!-- duration: 0ms -->
      <step title="WebHooksManager.PublishEventAsync: PostDeployment" date="2015-04-19T03:06:41.187" /><!-- duration: 63ms -->
    </step><!-- duration: 30450ms -->
  </step><!-- duration: 31174ms -->
  <step title="Outgoing response" date="2015-04-19T03:06:41.297" type="response" statusCode="200" statusText="OK" Server="Microsoft-IIS/8.0" Cache-Control="private" X-AspNet-Version="4.0.30319" /><!-- duration: 0ms -->
</step><!-- duration: 31236ms -->
