<step title="Incoming Request" date="2015-04-19T02:30:56.380" instance="896fff" url="/deploy?scmType=GitHub" method="POST" type="request" pid="600,2,19" Connection="Keep-Alive" Content-Length="8762" Content-Type="application/x-www-form-urlencoded" Accept="*/*" Host="enlightonme.scm.azurewebsites.net" User-Agent="GitHub-Hookshot/9a55c2d" X-GitHub-Event="push" X-GitHub-Delivery="1acc9980-e63c-11e4-9bf3-1078914de6cb" X-SITE-DEPLOYMENT-ID="enlightonme" X-MS-WAWS-JWT="" >
  <step title="FetchHandler" date="2015-04-19T02:30:56.396" >
    <step title="Attempting to fetch target branch master" date="2015-04-19T02:30:56.412" /><!-- duration: 0ms -->
    <step title="Executing external process" date="2015-04-19T02:30:56.427" type="process" path="git.exe" arguments="rev-parse --git-dir" /><!-- duration: 31ms -->
    <step title="Assuming git repository at D:\home\site\repository" date="2015-04-19T02:30:56.474" /><!-- duration: 0ms -->
    <step title="Performing fetch based deployment" date="2015-04-19T02:30:57.083" >
      <step title="Creating temporary deployment" date="2015-04-19T02:30:57.083" /><!-- duration: 47ms -->
      <step title="Executing external process" date="2015-04-19T02:30:57.224" type="process" path="git.exe" arguments="rev-parse --git-dir" /><!-- duration: 1000ms -->
      <step title="Executing external process" date="2015-04-19T02:30:58.224" type="process" path="git.exe" arguments="rev-parse --git-dir" /><!-- duration: 31ms -->
      <step title="Executing external process" date="2015-04-19T02:30:58.271" type="process" path="git.exe" arguments="remote add -t master external &quot;git@github.com:jkoritzinsky/enLightOn.me&quot;" /><!-- duration: 126ms -->
      <step title="Executing external process" date="2015-04-19T02:30:58.397" type="process" path="git.exe" arguments="branch" /><!-- duration: 62ms -->
      <step title="Executing external process" date="2015-04-19T02:30:58.460" type="process" path="git.exe" arguments="fetch external --progress" /><!-- duration: 1210ms -->
      <step title="Executing external process" date="2015-04-19T02:30:59.686" type="process" path="git.exe" arguments="update-ref refs/heads/master external/master" /><!-- duration: 118ms -->
      <step title="Executing external process" date="2015-04-19T02:30:59.804" type="process" path="git.exe" arguments="checkout master --force" /><!-- duration: 237ms -->
      <step title="Executing external process" date="2015-04-19T02:31:00.040" type="process" path="git.exe" arguments="remote rm external" /><!-- duration: 175ms -->
      <step title="Executing external process" date="2015-04-19T02:31:00.215" type="process" path="git.exe" arguments="log -n 1 master --" /><!-- duration: 156ms -->
      <step title="Executing external process" date="2015-04-19T02:31:00.512" type="process" path="git.exe" arguments="log -n 1 master --" /><!-- duration: 47ms -->
      <step title="DeploymentManager.Deploy(id)" date="2015-04-19T02:31:00.574" >
        <step title="Collecting changeset information" date="2015-04-19T02:31:00.574" /><!-- duration: 78ms -->
        <step title="Updating submodules" date="2015-04-19T02:31:00.652" /><!-- duration: 78ms -->
        <step title="Determining deployment builder" date="2015-04-19T02:31:00.949" >
          <step title="Executing external process" date="2015-04-19T02:31:00.965" type="process" path="git.exe" arguments="ls-files *.csproj *.vbproj *.fsproj *.sln" /><!-- duration: 47ms -->
          <step title="Builder is NodeSiteBuilder" date="2015-04-19T02:31:01.481" /><!-- duration: 0ms -->
        </step><!-- duration: 547ms -->
        <step title="Copying SSH keys" date="2015-04-19T02:31:01.527" /><!-- duration: 31ms -->
        <step title="Building" date="2015-04-19T02:31:01.559" >
          <step title="Generating deployment script" date="2015-04-19T02:31:01.652" >
            <step title="Using cached version of the deployment script for command: -y --no-dot-deployment -r &quot;D:\home\site\repository&quot; -o &quot;D:\home\site\deployments\tools&quot; --node --sitePath &quot;D:\home\site\repository&quot;" date="2015-04-19T02:31:01.699" /><!-- duration: 16ms -->
          </step><!-- duration: 78ms -->
          <step title="Executing external process" date="2015-04-19T02:31:01.871" type="process" path="starter.cmd" arguments="&quot;D:\home\site\deployments\tools\deploy.cmd&quot;" /><!-- duration: 4297ms -->
          <step title="Purge deployment items" date="2015-04-19T02:31:06.666" >
            <step title="Remove c4b794844, Success, received at 4/18/2015 9:44:51 PM" date="2015-04-19T02:31:06.731" /><!-- duration: 0ms -->
          </step><!-- duration: 80ms -->
        </step><!-- duration: 5204ms -->
      </step><!-- duration: 6188ms -->
      <step title="Cleaning up temp files" date="2015-04-19T02:31:06.763" /><!-- duration: 17ms -->
      <step title="WebHooksManager.PublishEventAsync: PostDeployment" date="2015-04-19T02:31:06.798" /><!-- duration: 16ms -->
    </step><!-- duration: 9793ms -->
  </step><!-- duration: 10496ms -->
  <step title="Outgoing response" date="2015-04-19T02:31:06.892" type="response" statusCode="200" statusText="OK" Server="Microsoft-IIS/8.0" Cache-Control="private" X-AspNet-Version="4.0.30319" /><!-- duration: 16ms -->
</step><!-- duration: 10527ms -->
