<step title="Incoming Request" date="2015-04-19T03:11:15.505" instance="896fff" url="/deploy?scmType=GitHub" method="POST" type="request" pid="4268,2,14" Connection="Keep-Alive" Content-Length="13264" Content-Type="application/x-www-form-urlencoded" Accept="*/*" Host="enlightonme.scm.azurewebsites.net" User-Agent="GitHub-Hookshot/9a55c2d" X-GitHub-Event="push" X-GitHub-Delivery="bc0a1e80-e641-11e4-9deb-ca3f8420f4b7" X-SITE-DEPLOYMENT-ID="enlightonme" X-MS-WAWS-JWT="" >
  <step title="FetchHandler" date="2015-04-19T03:11:15.520" >
    <step title="Attempting to fetch target branch master" date="2015-04-19T03:11:15.520" /><!-- duration: 16ms -->
    <step title="Executing external process" date="2015-04-19T03:11:15.552" type="process" path="git.exe" arguments="rev-parse --git-dir" /><!-- duration: 47ms -->
    <step title="Assuming git repository at D:\home\site\repository" date="2015-04-19T03:11:15.598" /><!-- duration: 0ms -->
    <step title="Performing fetch based deployment" date="2015-04-19T03:11:15.977" >
      <step title="Creating temporary deployment" date="2015-04-19T03:11:15.977" /><!-- duration: 47ms -->
      <step title="Executing external process" date="2015-04-19T03:11:16.130" type="process" path="git.exe" arguments="rev-parse --git-dir" /><!-- duration: 31ms -->
      <step title="Executing external process" date="2015-04-19T03:11:16.161" type="process" path="git.exe" arguments="rev-parse --git-dir" /><!-- duration: 47ms -->
      <step title="Executing external process" date="2015-04-19T03:11:16.208" type="process" path="git.exe" arguments="remote add -t master external &quot;git@github.com:jkoritzinsky/enLightOn.me&quot;" /><!-- duration: 141ms -->
      <step title="Executing external process" date="2015-04-19T03:11:16.350" type="process" path="git.exe" arguments="branch" /><!-- duration: 63ms -->
      <step title="Executing external process" date="2015-04-19T03:11:16.412" type="process" path="git.exe" arguments="fetch external --progress" /><!-- duration: 1708ms -->
      <step title="Executing external process" date="2015-04-19T03:11:18.120" type="process" path="git.exe" arguments="update-ref refs/heads/master external/master" /><!-- duration: 108ms -->
      <step title="Executing external process" date="2015-04-19T03:11:18.243" type="process" path="git.exe" arguments="checkout master --force" /><!-- duration: 1643ms -->
      <step title="Executing external process" date="2015-04-19T03:11:19.886" type="process" path="git.exe" arguments="remote rm external" /><!-- duration: 157ms -->
      <step title="Executing external process" date="2015-04-19T03:11:20.043" type="process" path="git.exe" arguments="log -n 1 master --" /><!-- duration: 94ms -->
      <step title="Executing external process" date="2015-04-19T03:11:20.168" type="process" path="git.exe" arguments="log -n 1 master --" /><!-- duration: 63ms -->
      <step title="DeploymentManager.Deploy(id)" date="2015-04-19T03:11:20.246" >
        <step title="Collecting changeset information" date="2015-04-19T03:11:20.246" /><!-- duration: 47ms -->
        <step title="Updating submodules" date="2015-04-19T03:11:20.309" /><!-- duration: 62ms -->
        <step title="Determining deployment builder" date="2015-04-19T03:11:20.496" >
          <step title="Executing external process" date="2015-04-19T03:11:20.496" type="process" path="git.exe" arguments="ls-files *.csproj *.vbproj *.fsproj *.sln" /><!-- duration: 63ms -->
          <step title="Builder is NodeSiteBuilder" date="2015-04-19T03:11:21.740" /><!-- duration: 0ms -->
        </step><!-- duration: 1244ms -->
        <step title="Copying SSH keys" date="2015-04-19T03:11:21.771" /><!-- duration: 17ms -->
        <step title="Building" date="2015-04-19T03:11:21.805" >
          <step title="Generating deployment script" date="2015-04-19T03:11:21.870" >
            <step title="Using cached version of the deployment script for command: -y --no-dot-deployment -r &quot;D:\home\site\repository&quot; -o &quot;D:\home\site\deployments\tools&quot; --node --sitePath &quot;D:\home\site\repository&quot;" date="2015-04-19T03:11:21.901" /><!-- duration: 16ms -->
          </step><!-- duration: 63ms -->
          <step title="Executing external process" date="2015-04-19T03:11:22.062" type="process" path="starter.cmd" arguments="&quot;D:\home\site\deployments\tools\deploy.cmd&quot;" /><!-- duration: 5407ms -->
          <step title="Purge deployment items" date="2015-04-19T03:11:27.973" >
            <step title="Remove b6c8ded63, Success, received at 4/19/2015 1:56:32 AM" date="2015-04-19T03:11:28.052" /><!-- duration: 0ms -->
          </step><!-- duration: 79ms -->
        </step><!-- duration: 6278ms -->
      </step><!-- duration: 7853ms -->
      <step title="Cleaning up temp files" date="2015-04-19T03:11:28.099" /><!-- duration: 16ms -->
      <step title="WebHooksManager.PublishEventAsync: PostDeployment" date="2015-04-19T03:11:28.130" /><!-- duration: 16ms -->
    </step><!-- duration: 12219ms -->
  </step><!-- duration: 12692ms -->
  <step title="Outgoing response" date="2015-04-19T03:11:28.212" type="response" statusCode="200" statusText="OK" Server="Microsoft-IIS/8.0" Cache-Control="private" X-AspNet-Version="4.0.30319" /><!-- duration: 16ms -->
</step><!-- duration: 12738ms -->
