<step title="Incoming Request" date="2015-04-18T21:42:02.324" instance="856c5a" url="/deploy?scmType=GitHub" method="POST" type="request" pid="3096,2,5" Connection="Keep-Alive" Content-Length="83" Content-Type="application/json; charset=utf-8" Accept="application/json" Expect="100-continue" Host="enlightonme.scm.azurewebsites.net" User-Agent="Azure-Portal/5.3.00298.3" X-SITE-DEPLOYMENT-ID="enlightonme" X-MS-WAWS-JWT="" >
  <step title="FetchHandler" date="2015-04-18T21:42:02.357" >
    <step title="Attempting to fetch target branch master" date="2015-04-18T21:42:02.404" /><!-- duration: 0ms -->
    <step title="Executing external process" date="2015-04-18T21:42:03.357" type="process" path="git.exe" arguments="rev-parse --git-dir" /><!-- duration: 47ms -->
    <step title="Assuming git repository at D:\home\site\repository" date="2015-04-18T21:42:03.404" /><!-- duration: 0ms -->
    <step title="Performing fetch based deployment" date="2015-04-18T21:42:03.515" >
      <step title="Creating temporary deployment" date="2015-04-18T21:42:03.515" /><!-- duration: 47ms -->
      <step title="Executing external process" date="2015-04-18T21:42:03.640" type="process" path="git.exe" arguments="rev-parse --git-dir" /><!-- duration: 31ms -->
      <step title="Executing external process" date="2015-04-18T21:42:03.671" type="process" path="git.exe" arguments="rev-parse --git-dir" /><!-- duration: 47ms -->
      <step title="Executing external process" date="2015-04-18T21:42:03.718" type="process" path="git.exe" arguments="remote add -t master external &quot;git@github.com:jkoritzinsky/enLightOn.me.git&quot;" /><!-- duration: 125ms -->
      <step title="Executing external process" date="2015-04-18T21:42:03.843" type="process" path="git.exe" arguments="branch" /><!-- duration: 63ms -->
      <step title="Executing external process" date="2015-04-18T21:42:03.906" type="process" path="git.exe" arguments="fetch external --progress" /><!-- duration: 904ms -->
      <step title="Executing external process" date="2015-04-18T21:42:04.810" type="process" path="git.exe" arguments="update-ref refs/heads/master external/master" /><!-- duration: 63ms -->
      <step title="Executing external process" date="2015-04-18T21:42:04.872" type="process" path="git.exe" arguments="checkout master --force" /><!-- duration: 158ms -->
      <step title="Executing external process" date="2015-04-18T21:42:05.030" type="process" path="git.exe" arguments="remote rm external" /><!-- duration: 174ms -->
      <step title="Executing external process" date="2015-04-18T21:42:05.204" type="process" path="git.exe" arguments="log -n 1 master --" /><!-- duration: 63ms -->
      <step title="DeploymentManager.Deploy(id)" date="2015-04-18T21:42:05.266" >
        <step title="Collecting changeset information" date="2015-04-18T21:42:05.298" /><!-- duration: 48ms -->
        <step title="Updating submodules" date="2015-04-18T21:42:05.377" /><!-- duration: 63ms -->
        <step title="Determining deployment builder" date="2015-04-18T21:42:05.592" >
          <step title="Executing external process" date="2015-04-18T21:42:05.607" type="process" path="git.exe" arguments="ls-files *.csproj *.vbproj *.fsproj *.sln" /><!-- duration: 47ms -->
          <step title="Builder is BasicBuilder" date="2015-04-18T21:42:05.767" /><!-- duration: 17ms -->
        </step><!-- duration: 193ms -->
        <step title="Copying SSH keys" date="2015-04-18T21:42:05.801" /><!-- duration: 31ms -->
        <step title="Building" date="2015-04-18T21:42:05.832" >
          <step title="Generating deployment script" date="2015-04-18T21:42:05.898" >
            <step title="Using cached version of the deployment script for command: -y --no-dot-deployment -r &quot;D:\home\site\repository&quot; -o &quot;D:\home\site\deployments\tools&quot; --basic --sitePath &quot;D:\home\site\repository&quot;" date="2015-04-18T21:42:05.930" /><!-- duration: 16ms -->
          </step><!-- duration: 94ms -->
          <step title="Executing external process" date="2015-04-18T21:42:06.110" type="process" path="starter.cmd" arguments="&quot;D:\home\site\deployments\tools\deploy.cmd&quot;" /><!-- duration: 658ms -->
        </step><!-- duration: 1179ms -->
      </step><!-- duration: 1745ms -->
      <step title="Cleaning up temp files" date="2015-04-18T21:42:07.011" /><!-- duration: 16ms -->
      <step title="WebHooksManager.PublishEventAsync: PostDeployment" date="2015-04-18T21:42:07.049" /><!-- duration: 16ms -->
    </step><!-- duration: 3597ms -->
  </step><!-- duration: 4771ms -->
  <step title="Outgoing response" date="2015-04-18T21:42:07.145" type="response" statusCode="200" statusText="OK" Server="Microsoft-IIS/8.0" Cache-Control="private" X-AspNet-Version="4.0.30319" /><!-- duration: 1ms -->
</step><!-- duration: 4822ms -->
