<step title="Incoming Request" date="2015-04-18T20:46:34.154" instance="856c5a" url="/deploy?scmType=GitHub" method="POST" type="request" pid="3776,2,7" Connection="Keep-Alive" Content-Length="83" Content-Type="application/json; charset=utf-8" Accept="application/json" Expect="100-continue" Host="enlightonme.scm.azurewebsites.net" User-Agent="Azure-Portal/5.3.00298.3" X-SITE-DEPLOYMENT-ID="enlightonme" X-MS-WAWS-JWT="" >
  <step title="FetchHandler" date="2015-04-18T20:46:34.279" >
    <step title="Attempting to fetch target branch master" date="2015-04-18T20:46:34.380" /><!-- duration: 0ms -->
    <step title="Performing fetch based deployment" date="2015-04-18T20:46:34.427" >
      <step title="Creating temporary deployment" date="2015-04-18T20:46:34.427" /><!-- duration: 78ms -->
      <step title="GitExeRepository.Initialize" date="2015-04-18T20:46:34.627" >
        <step title="Executing external process" date="2015-04-18T20:46:35.010" type="process" path="git.exe" arguments="init" /><!-- duration: 643ms -->
        <step title="Executing external process" date="2015-04-18T20:46:35.653" type="process" path="git.exe" arguments="config core.autocrlf true" /><!-- duration: 83ms -->
        <step title="Executing external process" date="2015-04-18T20:46:35.752" type="process" path="git.exe" arguments="config core.preloadindex true" /><!-- duration: 69ms -->
        <step title="Executing external process" date="2015-04-18T20:46:35.836" type="process" path="git.exe" arguments="config user.name &quot;windowsazure&quot;" /><!-- duration: 78ms -->
        <step title="Executing external process" date="2015-04-18T20:46:35.914" type="process" path="git.exe" arguments="config user.email &quot;windowsazure&quot;" /><!-- duration: 176ms -->
        <step title="Configure git server" date="2015-04-18T20:46:36.090" >
          <step title="Executing external process" date="2015-04-18T20:46:36.090" type="process" path="git.exe" arguments="config receive.denyCurrentBranch ignore" /><!-- duration: 94ms -->
        </step><!-- duration: 94ms -->
        <step title="Create deny users for .git folder" date="2015-04-18T20:46:36.184" /><!-- duration: 16ms -->
        <step title="Configure git-credential" date="2015-04-18T20:46:36.199" >
          <step title="Executing external process" date="2015-04-18T20:46:36.199" type="process" path="git.exe" arguments="config credential.helper &quot;!&apos;D:\home\site\repository\.git\hooks\git-credential-invalid.sh&apos;&quot;" /><!-- duration: 94ms -->
        </step><!-- duration: 94ms -->
        <step title="Setup post receive hook" date="2015-04-18T20:46:36.293" /><!-- duration: 16ms -->
      </step><!-- duration: 1682ms -->
      <step title="Executing external process" date="2015-04-18T20:46:36.309" type="process" path="git.exe" arguments="remote add -t master external &quot;git@github.com:jkoritzinsky/enLightOn.me.git&quot;" /><!-- duration: 125ms -->
      <step title="Executing external process" date="2015-04-18T20:46:36.449" type="process" path="git.exe" arguments="branch" /><!-- duration: 47ms -->
      <step title="Executing external process" date="2015-04-18T20:46:36.496" type="process" path="git.exe" arguments="fetch external --progress" /><!-- duration: 1621ms -->
      <step title="Executing external process" date="2015-04-18T20:46:38.118" type="process" path="git.exe" arguments="update-ref refs/heads/master external/master" /><!-- duration: 78ms -->
      <step title="Executing external process" date="2015-04-18T20:46:38.196" type="process" path="git.exe" arguments="checkout master --force" /><!-- duration: 157ms -->
      <step title="Executing external process" date="2015-04-18T20:46:38.369" type="process" path="git.exe" arguments="remote rm external" /><!-- duration: 146ms -->
      <step title="Executing external process" date="2015-04-18T20:46:38.530" type="process" path="git.exe" arguments="log -n 1 master --" /><!-- duration: 49ms -->
      <step title="DeploymentManager.Deploy(id)" date="2015-04-18T20:46:38.579" >
        <step title="Collecting changeset information" date="2015-04-18T20:46:38.595" /><!-- duration: 47ms -->
        <step title="Updating submodules" date="2015-04-18T20:46:38.658" /><!-- duration: 51ms -->
        <step title="Determining deployment builder" date="2015-04-18T20:46:38.865" >
          <step title="Executing external process" date="2015-04-18T20:46:38.881" type="process" path="git.exe" arguments="ls-files *.csproj *.vbproj *.fsproj *.sln" /><!-- duration: 47ms -->
          <step title="Builder is BasicBuilder" date="2015-04-18T20:46:39.026" /><!-- duration: 0ms -->
        </step><!-- duration: 177ms -->
        <step title="Copying SSH keys" date="2015-04-18T20:46:39.059" /><!-- duration: 31ms -->
        <step title="Building" date="2015-04-18T20:46:39.090" >
          <step title="Generating deployment script" date="2015-04-18T20:46:39.168" >
            <step title="Executing external process" date="2015-04-18T20:46:39.289" type="process" path="starter.cmd" arguments="&quot;D:\Program Files (x86)\SiteExtensions\Kudu\44.40415.1492\bin\node_modules\.bin\kuduscript.cmd&quot; -y --no-dot-deployment -r &quot;D:\home\site\repository&quot; -o &quot;D:\home\site\deployments\tools&quot; --basic --sitePath &quot;D:\home\site\repository&quot;" /><!-- duration: 348ms -->
            <step title="Saved cached version of the deployment script for command -y --no-dot-deployment -r &quot;D:\home\site\repository&quot; -o &quot;D:\home\site\deployments\tools&quot; --basic --sitePath &quot;D:\home\site\repository&quot;" date="2015-04-18T20:46:39.652" /><!-- duration: 0ms -->
          </step><!-- duration: 500ms -->
          <step title="Executing external process" date="2015-04-18T20:46:39.766" type="process" path="starter.cmd" arguments="&quot;D:\home\site\deployments\tools\deploy.cmd&quot;" /><!-- duration: 1690ms -->
        </step><!-- duration: 3089ms -->
      </step><!-- duration: 3615ms -->
      <step title="Cleaning up temp files" date="2015-04-18T20:46:42.194" /><!-- duration: 16ms -->
      <step title="WebHooksManager.PublishEventAsync: PostDeployment" date="2015-04-18T20:46:42.304" /><!-- duration: 157ms -->
    </step><!-- duration: 8236ms -->
  </step><!-- duration: 8447ms -->
  <step title="Outgoing response" date="2015-04-18T20:46:42.757" type="response" statusCode="200" statusText="OK" Server="Microsoft-IIS/8.0" Cache-Control="private" X-AspNet-Version="4.0.30319" /><!-- duration: 0ms -->
</step><!-- duration: 8634ms -->
