<step title="Incoming Request" date="2015-04-19T00:57:54.872" instance="896fff" url="/deploy?scmType=GitHub" method="POST" type="request" pid="1184,2,6" Connection="Keep-Alive" Content-Length="8816" Content-Type="application/x-www-form-urlencoded" Accept="*/*" Host="enlightonme.scm.azurewebsites.net" User-Agent="GitHub-Hookshot/9a55c2d" X-GitHub-Event="push" X-GitHub-Delivery="1baafe80-e62f-11e4-9547-f12883dde6f4" X-SITE-DEPLOYMENT-ID="enlightonme" X-MS-WAWS-JWT="" >
  <step title="FetchHandler" date="2015-04-19T00:57:54.903" >
    <step title="Attempting to fetch target branch master" date="2015-04-19T00:57:54.997" /><!-- duration: 16ms -->
    <step title="Executing external process" date="2015-04-19T00:57:55.889" type="process" path="git.exe" arguments="rev-parse --git-dir" /><!-- duration: 78ms -->
    <step title="Assuming git repository at D:\home\site\repository" date="2015-04-19T00:57:55.967" /><!-- duration: 16ms -->
    <step title="Performing fetch based deployment" date="2015-04-19T00:57:56.328" >
      <step title="Creating temporary deployment" date="2015-04-19T00:57:56.360" /><!-- duration: 46ms -->
      <step title="Executing external process" date="2015-04-19T00:57:56.470" type="process" path="git.exe" arguments="rev-parse --git-dir" /><!-- duration: 47ms -->
      <step title="Executing external process" date="2015-04-19T00:57:56.517" type="process" path="git.exe" arguments="rev-parse --git-dir" /><!-- duration: 31ms -->
      <step title="Executing external process" date="2015-04-19T00:57:56.564" type="process" path="git.exe" arguments="remote add -t master external &quot;git@github.com:jkoritzinsky/enLightOn.me&quot;" /><!-- duration: 112ms -->
      <step title="Executing external process" date="2015-04-19T00:57:56.676" type="process" path="git.exe" arguments="branch" /><!-- duration: 47ms -->
      <step title="Executing external process" date="2015-04-19T00:57:56.738" type="process" path="git.exe" arguments="fetch external --progress" /><!-- duration: 1087ms -->
      <step title="Executing external process" date="2015-04-19T00:57:57.825" type="process" path="git.exe" arguments="update-ref refs/heads/master external/master" /><!-- duration: 112ms -->
      <step title="Executing external process" date="2015-04-19T00:57:57.937" type="process" path="git.exe" arguments="checkout master --force" /><!-- duration: 409ms -->
      <step title="Executing external process" date="2015-04-19T00:57:58.345" type="process" path="git.exe" arguments="remote rm external" /><!-- duration: 143ms -->
      <step title="Executing external process" date="2015-04-19T00:57:58.504" type="process" path="git.exe" arguments="log -n 1 master --" /><!-- duration: 47ms -->
      <step title="Executing external process" date="2015-04-19T00:57:58.566" type="process" path="git.exe" arguments="log -n 1 master --" /><!-- duration: 47ms -->
      <step title="DeploymentManager.Deploy(id)" date="2015-04-19T00:57:58.644" >
        <step title="Collecting changeset information" date="2015-04-19T00:57:58.660" /><!-- duration: 49ms -->
        <step title="Updating submodules" date="2015-04-19T00:57:58.709" /><!-- duration: 65ms -->
        <step title="Determining deployment builder" date="2015-04-19T00:57:58.901" >
          <step title="Executing external process" date="2015-04-19T00:57:58.933" type="process" path="git.exe" arguments="ls-files *.csproj *.vbproj *.fsproj *.sln" /><!-- duration: 64ms -->
          <step title="Builder is NodeSiteBuilder" date="2015-04-19T00:57:59.271" /><!-- duration: 16ms -->
        </step><!-- duration: 386ms -->
        <step title="Copying SSH keys" date="2015-04-19T00:57:59.318" /><!-- duration: 16ms -->
        <step title="Building" date="2015-04-19T00:57:59.334" >
          <step title="Generating deployment script" date="2015-04-19T00:57:59.412" >
            <step title="Using cached version of the deployment script for command: -y --no-dot-deployment -r &quot;D:\home\site\repository&quot; -o &quot;D:\home\site\deployments\tools&quot; --node --sitePath &quot;D:\home\site\repository&quot;" date="2015-04-19T00:57:59.459" /><!-- duration: 0ms -->
          </step><!-- duration: 62ms -->
          <step title="Executing external process" date="2015-04-19T00:57:59.615" type="process" path="starter.cmd" arguments="&quot;D:\home\site\deployments\tools\deploy.cmd&quot;" /><!-- duration: 3469ms -->
        </step><!-- duration: 4071ms -->
      </step><!-- duration: 4760ms -->
      <step title="Cleaning up temp files" date="2015-04-19T00:58:03.405" /><!-- duration: 16ms -->
      <step title="WebHooksManager.PublishEventAsync: PostDeployment" date="2015-04-19T00:58:03.436" /><!-- duration: 47ms -->
    </step><!-- duration: 7218ms -->
  </step><!-- duration: 8660ms -->
  <step title="Outgoing response" date="2015-04-19T00:58:03.563" type="response" statusCode="200" statusText="OK" Server="Microsoft-IIS/8.0" Cache-Control="private" X-AspNet-Version="4.0.30319" /><!-- duration: 0ms -->
</step><!-- duration: 8691ms -->
