<step title="Incoming Request" date="2015-04-18T22:48:36.358" instance="896fff" url="/deploy?scmType=GitHub" method="POST" type="request" pid="4012,2,6" Connection="Keep-Alive" Content-Length="8842" Content-Type="application/x-www-form-urlencoded" Accept="*/*" Host="enlightonme.scm.azurewebsites.net" User-Agent="GitHub-Hookshot/9a55c2d" X-GitHub-Event="push" X-GitHub-Delivery="0a58f680-e61d-11e4-9b15-c6808b21f2f3" X-SITE-DEPLOYMENT-ID="enlightonme" X-MS-WAWS-JWT="" >
  <step title="FetchHandler" date="2015-04-18T22:48:36.483" >
    <step title="Attempting to fetch target branch master" date="2015-04-18T22:48:36.655" /><!-- duration: 0ms -->
    <step title="Executing external process" date="2015-04-18T22:48:36.770" type="process" path="git.exe" arguments="rev-parse --git-dir" /><!-- duration: 62ms -->
    <step title="Assuming git repository at D:\home\site\repository" date="2015-04-18T22:48:36.832" /><!-- duration: 16ms -->
    <step title="Performing fetch based deployment" date="2015-04-18T22:48:36.975" >
      <step title="Creating temporary deployment" date="2015-04-18T22:48:37.006" /><!-- duration: 47ms -->
      <step title="Executing external process" date="2015-04-18T22:48:37.131" type="process" path="git.exe" arguments="rev-parse --git-dir" /><!-- duration: 47ms -->
      <step title="Executing external process" date="2015-04-18T22:48:37.178" type="process" path="git.exe" arguments="rev-parse --git-dir" /><!-- duration: 31ms -->
      <step title="Executing external process" date="2015-04-18T22:48:37.272" type="process" path="git.exe" arguments="remote add -t master external &quot;git@github.com:jkoritzinsky/enLightOn.me&quot;" /><!-- duration: 157ms -->
      <step title="Executing external process" date="2015-04-18T22:48:37.429" type="process" path="git.exe" arguments="branch" /><!-- duration: 47ms -->
      <step title="Executing external process" date="2015-04-18T22:48:37.492" type="process" path="git.exe" arguments="fetch external --progress" /><!-- duration: 1044ms -->
      <step title="Executing external process" date="2015-04-18T22:48:38.551" type="process" path="git.exe" arguments="update-ref refs/heads/master external/master" /><!-- duration: 126ms -->
      <step title="Executing external process" date="2015-04-18T22:48:38.694" type="process" path="git.exe" arguments="checkout master --force" /><!-- duration: 197ms -->
      <step title="Executing external process" date="2015-04-18T22:48:38.890" type="process" path="git.exe" arguments="remote rm external" /><!-- duration: 147ms -->
      <step title="Executing external process" date="2015-04-18T22:48:39.053" type="process" path="git.exe" arguments="log -n 1 master --" /><!-- duration: 62ms -->
      <step title="Executing external process" date="2015-04-18T22:48:39.147" type="process" path="git.exe" arguments="log -n 1 master --" /><!-- duration: 79ms -->
      <step title="DeploymentManager.Deploy(id)" date="2015-04-18T22:48:39.241" >
        <step title="Collecting changeset information" date="2015-04-18T22:48:39.257" /><!-- duration: 49ms -->
        <step title="Updating submodules" date="2015-04-18T22:48:39.305" /><!-- duration: 64ms -->
        <step title="Determining deployment builder" date="2015-04-18T22:48:39.490" >
          <step title="Executing external process" date="2015-04-18T22:48:39.505" type="process" path="git.exe" arguments="ls-files *.csproj *.vbproj *.fsproj *.sln" /><!-- duration: 47ms -->
          <step title="Builder is NodeSiteBuilder" date="2015-04-18T22:48:39.664" /><!-- duration: 16ms -->
        </step><!-- duration: 195ms -->
        <step title="Copying SSH keys" date="2015-04-18T22:48:39.732" /><!-- duration: 10ms -->
        <step title="Building" date="2015-04-18T22:48:39.758" >
          <step title="Generating deployment script" date="2015-04-18T22:48:39.825" >
            <step title="Using cached version of the deployment script for command: -y --no-dot-deployment -r &quot;D:\home\site\repository&quot; -o &quot;D:\home\site\deployments\tools&quot; --node --sitePath &quot;D:\home\site\repository&quot;" date="2015-04-18T22:48:39.872" /><!-- duration: 16ms -->
          </step><!-- duration: 78ms -->
          <step title="Executing external process" date="2015-04-18T22:48:40.059" type="process" path="starter.cmd" arguments="&quot;D:\home\site\deployments\tools\deploy.cmd&quot;" /><!-- duration: 3786ms -->
        </step><!-- duration: 4492ms -->
      </step><!-- duration: 5024ms -->
      <step title="Cleaning up temp files" date="2015-04-18T22:48:44.265" /><!-- duration: 16ms -->
      <step title="WebHooksManager.PublishEventAsync: PostDeployment" date="2015-04-18T22:48:44.296" /><!-- duration: 156ms -->
    </step><!-- duration: 7636ms -->
  </step><!-- duration: 8143ms -->
  <step title="Outgoing response" date="2015-04-18T22:48:44.626" type="response" statusCode="200" statusText="OK" Server="Microsoft-IIS/8.0" Cache-Control="private" X-AspNet-Version="4.0.30319" /><!-- duration: 16ms -->
</step><!-- duration: 8284ms -->
