<step title="Incoming Request" date="2015-04-18T22:34:22.259" instance="856c5a" url="/deploy?scmType=GitHub" method="POST" type="request" pid="3680,2,6" Connection="Keep-Alive" Content-Length="8808" Content-Type="application/x-www-form-urlencoded" Accept="*/*" Host="enlightonme.scm.azurewebsites.net" User-Agent="GitHub-Hookshot/9a55c2d" X-GitHub-Event="push" X-GitHub-Delivery="0cba5100-e61b-11e4-87d6-9f75eb106f25" X-SITE-DEPLOYMENT-ID="enlightonme" X-MS-WAWS-JWT="" >
  <step title="FetchHandler" date="2015-04-18T22:34:22.416" >
    <step title="Attempting to fetch target branch master" date="2015-04-18T22:34:22.588" /><!-- duration: 0ms -->
    <step title="Executing external process" date="2015-04-18T22:34:23.072" type="process" path="git.exe" arguments="rev-parse --git-dir" /><!-- duration: 78ms -->
    <step title="Assuming git repository at D:\home\site\repository" date="2015-04-18T22:34:23.150" /><!-- duration: 16ms -->
    <step title="Performing fetch based deployment" date="2015-04-18T22:34:23.307" >
      <step title="Creating temporary deployment" date="2015-04-18T22:34:23.338" /><!-- duration: 47ms -->
      <step title="Executing external process" date="2015-04-18T22:34:23.463" type="process" path="git.exe" arguments="rev-parse --git-dir" /><!-- duration: 31ms -->
      <step title="Executing external process" date="2015-04-18T22:34:23.510" type="process" path="git.exe" arguments="rev-parse --git-dir" /><!-- duration: 31ms -->
      <step title="Executing external process" date="2015-04-18T22:34:23.541" type="process" path="git.exe" arguments="remote add -t master external &quot;git@github.com:jkoritzinsky/enLightOn.me&quot;" /><!-- duration: 142ms -->
      <step title="Executing external process" date="2015-04-18T22:34:23.683" type="process" path="git.exe" arguments="branch" /><!-- duration: 63ms -->
      <step title="Executing external process" date="2015-04-18T22:34:23.746" type="process" path="git.exe" arguments="fetch external --progress" /><!-- duration: 1077ms -->
      <step title="Executing external process" date="2015-04-18T22:34:24.823" type="process" path="git.exe" arguments="update-ref refs/heads/master external/master" /><!-- duration: 106ms -->
      <step title="Executing external process" date="2015-04-18T22:34:24.929" type="process" path="git.exe" arguments="checkout master --force" /><!-- duration: 253ms -->
      <step title="Executing external process" date="2015-04-18T22:34:25.197" type="process" path="git.exe" arguments="remote rm external" /><!-- duration: 206ms -->
      <step title="Executing external process" date="2015-04-18T22:34:25.404" type="process" path="git.exe" arguments="log -n 1 master --" /><!-- duration: 47ms -->
      <step title="Executing external process" date="2015-04-18T22:34:25.482" type="process" path="git.exe" arguments="log -n 1 master --" /><!-- duration: 47ms -->
      <step title="DeploymentManager.Deploy(id)" date="2015-04-18T22:34:25.544" >
        <step title="Collecting changeset information" date="2015-04-18T22:34:25.544" /><!-- duration: 47ms -->
        <step title="Updating submodules" date="2015-04-18T22:34:25.591" /><!-- duration: 62ms -->
        <step title="Determining deployment builder" date="2015-04-18T22:34:25.796" >
          <step title="Executing external process" date="2015-04-18T22:34:25.811" type="process" path="git.exe" arguments="ls-files *.csproj *.vbproj *.fsproj *.sln" /><!-- duration: 49ms -->
          <step title="Builder is NodeSiteBuilder" date="2015-04-18T22:34:26.012" /><!-- duration: 16ms -->
        </step><!-- duration: 232ms -->
        <step title="Copying SSH keys" date="2015-04-18T22:34:26.060" /><!-- duration: 16ms -->
        <step title="Building" date="2015-04-18T22:34:26.076" >
          <step title="Generating deployment script" date="2015-04-18T22:34:26.154" >
            <step title="Using cached version of the deployment script for command: -y --no-dot-deployment -r &quot;D:\home\site\repository&quot; -o &quot;D:\home\site\deployments\tools&quot; --node --sitePath &quot;D:\home\site\repository&quot;" date="2015-04-18T22:34:26.201" /><!-- duration: 16ms -->
          </step><!-- duration: 78ms -->
          <step title="Executing external process" date="2015-04-18T22:34:26.343" type="process" path="starter.cmd" arguments="&quot;D:\home\site\deployments\tools\deploy.cmd&quot;" /><!-- duration: 4618ms -->
        </step><!-- duration: 5151ms -->
      </step><!-- duration: 5683ms -->
      <step title="Cleaning up temp files" date="2015-04-18T22:34:31.243" /><!-- duration: 0ms -->
      <step title="WebHooksManager.PublishEventAsync: PostDeployment" date="2015-04-18T22:34:31.277" /><!-- duration: 156ms -->
    </step><!-- duration: 8284ms -->
  </step><!-- duration: 9206ms -->
  <step title="Outgoing response" date="2015-04-18T22:34:31.622" type="response" statusCode="200" statusText="OK" Server="Microsoft-IIS/8.0" Cache-Control="private" X-AspNet-Version="4.0.30319" /><!-- duration: 0ms -->
</step><!-- duration: 9362ms -->
