﻿<?xml version="1.0" encoding="utf-8"?>
<entries>
  <entry time="2015-04-19T03:37:11.5548911Z" id="fc70594a-1f81-42be-b459-e6ab5df27508" type="0">
    <message>Updating submodules.</message>
  </entry>
  <entry time="2015-04-19T03:37:11.6109908Z" id="bff7dd74-41e8-4c47-9ef8-156f2b0096a2" type="0">
    <message>Preparing deployment for commit id 'cd292a4780'.</message>
  </entry>
  <entry time="2015-04-19T03:37:12.9118059Z" id="2fbdee40-89d0-4aed-a910-2b9030bcc1c3" type="0">
    <message>Generating deployment script.</message>
    <entry time="2015-04-19T03:37:12.9743465Z" id="5fcdb3bb-144b-4de2-9960-acde3e587da0" type="0">
      <message>Using cached version of deployment script (command: 'azure -y --no-dot-deployment -r "D:\home\site\repository" -o "D:\home\site\deployments\tools" --node --sitePath "D:\home\site\repository"').</message>
    </entry>
  </entry>
  <entry time="2015-04-19T03:37:13.0539163Z" id="7f6de04f-bc66-436c-aff7-8efb312fb142" type="0">
    <message>Running deployment command...</message>
    <entry time="2015-04-19T03:37:13.069531Z" id="b567a7da-d425-476d-b0d9-bae5e1aa44d3" type="0">
      <message>Command: "D:\home\site\deployments\tools\deploy.cmd"</message>
    </entry>
    <entry time="2015-04-19T03:37:13.5116467Z" id="1115e94e-eb80-4013-aadd-e9bf7e926349" type="0">
      <message>Handling node.js deployment.</message>
    </entry>
    <entry time="2015-04-19T03:37:15.2833329Z" id="4e9e725a-5b28-4df1-8c50-7ebbe1c225a3" type="0">
      <message>KuduSync.NET from: 'D:\home\site\repository' to: 'D:\home\site\wwwroot'</message>
    </entry>
    <entry time="2015-04-19T03:37:15.3145773Z" id="48c55a1a-db66-4cdc-b9c6-64a6756a8173" type="0">
      <message>Copying file: 'app.js'</message>
    </entry>
    <entry time="2015-04-19T03:37:15.6895658Z" id="8e818756-9edc-4e82-b05c-6893e193c838" type="0">
      <message>Looking for app.js/server.js under site root.</message>
    </entry>
    <entry time="2015-04-19T03:37:15.7208137Z" id="cdfb91b5-5d30-4675-9c65-3a88d240c7af" type="0">
      <message>Using start-up script app.js</message>
    </entry>
    <entry time="2015-04-19T03:37:15.7521051Z" id="549d4b49-b3ad-4f9c-92d8-cafd21e4ce3b" type="0">
      <message>Generated web.config.</message>
    </entry>
    <entry time="2015-04-19T03:37:15.7989389Z" id="1ec3ea42-ec14-4003-9735-890c399aaa01" type="0">
      <message>The package.json file does not specify node.js engine version constraints.</message>
    </entry>
    <entry time="2015-04-19T03:37:16.0333089Z" id="c5b385d6-297d-4658-a335-19eecd239e94" type="0">
      <message>The node.js application will run with the default node.js version 0.12.0.</message>
    </entry>
    <entry time="2015-04-19T03:37:19.022266Z" id="276b1f1f-0d49-455a-8dd7-1938be3bdb59" type="0">
      <message>Finished successfully.</message>
    </entry>
  </entry>
  <entry time="2015-04-19T03:37:19.1324375Z" id="f2836831-67b7-45c9-b7e1-57941e5bef69" type="0">
    <message>Deployment successful.</message>
  </entry>
</entries>