﻿<?xml version="1.0" encoding="utf-8"?>
<deployment>
  <id>cd292a478031d4e67d9663f3d9fc1bf566555c3e</id>
  <author>Jeremy Koritzinsky</author>
  <deployer>GitHub</deployer>
  <authorEmail>jkoritzinsky@live.com</authorEmail>
  <message>PORT 3000</message>
  <progress></progress>
  <status>Success</status>
  <statusText></statusText>
  <lastSuccessEndTime>2015-04-19T03:37:19.1705756Z</lastSuccessEndTime>
  <receivedTime>2015-04-19T03:37:11.4596114Z</receivedTime>
  <startTime>2015-04-19T03:37:11.6616006Z</startTime>
  <endTime>2015-04-19T03:37:19.1705756Z</endTime>
  <complete>True</complete>
  <is_temp>False</is_temp>
  <is_readonly>False</is_readonly>
</deployment>