﻿<?xml version="1.0" encoding="utf-8"?>
<entries>
  <entry time="2015-04-19T02:42:01.5857335Z" id="a3be25bf-f919-4819-97b9-7ac25f80521c" type="0">
    <message>Updating submodules.</message>
  </entry>
  <entry time="2015-04-19T02:42:01.6334782Z" id="42ee7532-1bb9-496c-8f57-4ff72890ccfa" type="0">
    <message>Preparing deployment for commit id '726f2bd9a4'.</message>
  </entry>
  <entry time="2015-04-19T02:42:02.2030132Z" id="8f3742d4-3c02-4740-b7f0-29b1920f4033" type="0">
    <message>Generating deployment script.</message>
    <entry time="2015-04-19T02:42:02.2741471Z" id="bf17ce8b-4e34-454a-9ae3-2ba6e96aec83" type="0">
      <message>Using cached version of deployment script (command: 'azure -y --no-dot-deployment -r "D:\home\site\repository" -o "D:\home\site\deployments\tools" --node --sitePath "D:\home\site\repository"').</message>
    </entry>
  </entry>
  <entry time="2015-04-19T02:42:02.3285429Z" id="ad8f4083-f73f-4ddf-b6ed-b4921f29b00c" type="0">
    <message>Running deployment command...</message>
    <entry time="2015-04-19T02:42:02.3442168Z" id="80883ddc-9047-4af4-ae53-ea4a5221caf6" type="0">
      <message>Command: "D:\home\site\deployments\tools\deploy.cmd"</message>
    </entry>
    <entry time="2015-04-19T02:42:02.8059642Z" id="a73f2cff-929f-47ec-9a15-0cbca6233405" type="0">
      <message>Handling node.js deployment.</message>
    </entry>
    <entry time="2015-04-19T02:42:03.0090422Z" id="5afcf960-09d5-4fc3-8430-b4cee86fb785" type="0">
      <message>KuduSync.NET from: 'D:\home\site\repository' to: 'D:\home\site\wwwroot'</message>
    </entry>
    <entry time="2015-04-19T02:42:03.0402915Z" id="fe6296da-1029-4dd6-b432-9cb296724680" type="0">
      <message>Copying file: 'app.js'</message>
    </entry>
    <entry time="2015-04-19T02:42:03.1496643Z" id="ae814605-142a-414a-8733-9f0f83e65f04" type="0">
      <message>Looking for app.js/server.js under site root.</message>
    </entry>
    <entry time="2015-04-19T02:42:03.2746636Z" id="e7ed4a29-0068-4d5b-a622-ea6a0966a6f2" type="0">
      <message>Using start-up script app.js</message>
    </entry>
    <entry time="2015-04-19T02:42:03.305912Z" id="b30cd09e-c774-445a-a220-153f3a1f8d48" type="0">
      <message>Generated web.config.</message>
    </entry>
    <entry time="2015-04-19T02:42:03.3215381Z" id="b0380902-91b2-4f28-82a7-f4e73faae90d" type="0">
      <message>The package.json file does not specify node.js engine version constraints.</message>
    </entry>
    <entry time="2015-04-19T02:42:03.3684114Z" id="070dc961-e56a-4081-b328-a29d4538e989" type="0">
      <message>The node.js application will run with the default node.js version 0.10.32.</message>
    </entry>
    <entry time="2015-04-19T02:42:06.0714792Z" id="fa096b10-06df-4141-ad42-57819a74bcc5" type="0">
      <message>Finished successfully.</message>
    </entry>
  </entry>
  <entry time="2015-04-19T02:42:06.1505491Z" id="2cb2e569-cf53-49b3-81d4-0062ae8e9142" type="0">
    <message>Deployment successful.</message>
  </entry>
</entries>