﻿<?xml version="1.0" encoding="utf-8"?>
<deployment>
  <id>726f2bd9a4e6a76ff2df6b5ae46de37e8650d4d9</id>
  <author>Jeremy Koritzinsky</author>
  <deployer>GitHub</deployer>
  <authorEmail>jkoritzinsky@live.com</authorEmail>
  <message>another try</message>
  <progress></progress>
  <status>Success</status>
  <statusText></statusText>
  <lastSuccessEndTime>2015-04-19T02:42:06.1817888Z</lastSuccessEndTime>
  <receivedTime>2015-04-19T02:42:01.5060653Z</receivedTime>
  <startTime>2015-04-19T02:42:01.6646985Z</startTime>
  <endTime>2015-04-19T02:42:06.1817888Z</endTime>
  <complete>True</complete>
  <is_temp>False</is_temp>
  <is_readonly>False</is_readonly>
</deployment>