﻿<?xml version="1.0" encoding="utf-8"?>
<entries>
  <entry time="2015-04-19T02:36:24.2903603Z" id="9848267a-20a8-4fa6-b481-1966a14730e1" type="0">
    <message>Updating submodules.</message>
  </entry>
  <entry time="2015-04-19T02:36:24.337283Z" id="476ac4a1-e7a1-47e5-b138-d04e4066168f" type="0">
    <message>Preparing deployment for commit id 'a364bdafc0'.</message>
  </entry>
  <entry time="2015-04-19T02:36:25.2043398Z" id="679be1a6-1cf0-42a6-8d1c-f1f4d88331fc" type="0">
    <message>Generating deployment script.</message>
    <entry time="2015-04-19T02:36:25.2668382Z" id="fa29ea44-1e48-4b21-89d4-5d9ffa0630fe" type="0">
      <message>Using cached version of deployment script (command: 'azure -y --no-dot-deployment -r "D:\home\site\repository" -o "D:\home\site\deployments\tools" --node --sitePath "D:\home\site\repository"').</message>
    </entry>
  </entry>
  <entry time="2015-04-19T02:36:25.3449621Z" id="d9d4dfdb-f15f-4b93-bb5c-abb98e24c412" type="0">
    <message>Running deployment command...</message>
    <entry time="2015-04-19T02:36:25.3605862Z" id="e09b1890-596f-4c0b-ab2c-89014e0f8755" type="0">
      <message>Command: "D:\home\site\deployments\tools\deploy.cmd"</message>
    </entry>
    <entry time="2015-04-19T02:36:27.4905655Z" id="1f7676bd-9953-4edb-8755-3b46c6a11795" type="0">
      <message>Handling node.js deployment.</message>
    </entry>
    <entry time="2015-04-19T02:36:27.5374408Z" id="2eed14fd-87fa-4533-a81a-ae9ce0769a9a" type="0">
      <message>KuduSync.NET from: 'D:\home\site\repository' to: 'D:\home\site\wwwroot'</message>
    </entry>
    <entry time="2015-04-19T02:36:27.5843133Z" id="3d450101-2efc-481c-be87-b1c8e74e75c0" type="0">
      <message>Copying file: 'app.js'</message>
    </entry>
    <entry time="2015-04-19T02:36:27.631189Z" id="1d5742f0-6fc2-4545-8535-4bab2735954c" type="0">
      <message>Looking for app.js/server.js under site root.</message>
    </entry>
    <entry time="2015-04-19T02:36:27.7718096Z" id="12c86a66-8d58-4d91-9bfe-242c547630aa" type="0">
      <message>Using start-up script app.js</message>
    </entry>
    <entry time="2015-04-19T02:36:27.8030652Z" id="dc5947ca-6279-4d7a-a959-70c6bf9e833d" type="0">
      <message>Generated web.config.</message>
    </entry>
    <entry time="2015-04-19T02:36:27.9436816Z" id="87054712-9b7e-41a5-bc5b-03dd66f6602c" type="0">
      <message>The package.json file does not specify node.js engine version constraints.</message>
    </entry>
    <entry time="2015-04-19T02:36:28.0061818Z" id="f9b3940a-f3c8-47d4-906a-3193c695e8c4" type="0">
      <message>The node.js application will run with the default node.js version 0.10.32.</message>
    </entry>
    <entry time="2015-04-19T02:36:29.6467715Z" id="5478705e-6a61-498e-93af-b2e6b5c21ea6" type="0">
      <message>Finished successfully.</message>
    </entry>
  </entry>
  <entry time="2015-04-19T02:36:30.2727972Z" id="5f608faf-37e1-49c4-8125-e0a803121173" type="0">
    <message>Deployment successful.</message>
  </entry>
</entries>