﻿<?xml version="1.0" encoding="utf-8"?>
<deployment>
  <id>a364bdafc0b3953f9bdbfba3ff8b1387d2a35f1c</id>
  <author>Jeremy Koritzinsky</author>
  <deployer>GitHub</deployer>
  <authorEmail>jkoritzinsky@live.com</authorEmail>
  <message>lets try again</message>
  <progress></progress>
  <status>Success</status>
  <statusText></statusText>
  <lastSuccessEndTime>2015-04-19T02:36:30.3039995Z</lastSuccessEndTime>
  <receivedTime>2015-04-19T02:36:24.1876454Z</receivedTime>
  <startTime>2015-04-19T02:36:24.371512Z</startTime>
  <endTime>2015-04-19T02:36:30.3039995Z</endTime>
  <complete>True</complete>
  <is_temp>False</is_temp>
  <is_readonly>False</is_readonly>
</deployment>