﻿<?xml version="1.0" encoding="utf-8"?>
<entries>
  <entry time="2015-04-19T02:45:33.5675073Z" id="f7e66df0-f492-4965-b728-c617d0d3b7e1" type="0">
    <message>Updating submodules.</message>
  </entry>
  <entry time="2015-04-19T02:45:33.6320065Z" id="8cfa7a52-b40b-4820-b3e0-90cf71cab16a" type="0">
    <message>Preparing deployment for commit id '0c7397925b'.</message>
  </entry>
  <entry time="2015-04-19T02:45:34.2558953Z" id="ce3dfc33-2327-4380-9ce5-f75f7d8d9c3f" type="0">
    <message>Generating deployment script.</message>
    <entry time="2015-04-19T02:45:34.30277Z" id="7e17efc2-33da-41cc-ae01-1c51d8bd9a87" type="0">
      <message>Using cached version of deployment script (command: 'azure -y --no-dot-deployment -r "D:\home\site\repository" -o "D:\home\site\deployments\tools" --node --sitePath "D:\home\site\repository"').</message>
    </entry>
  </entry>
  <entry time="2015-04-19T02:45:34.3687271Z" id="f8029093-1540-4539-9d56-aad32cfbfc6d" type="0">
    <message>Running deployment command...</message>
    <entry time="2015-04-19T02:45:34.3843462Z" id="7e88e812-d7cb-4dd3-a83a-d7977ec90baf" type="0">
      <message>Command: "D:\home\site\deployments\tools\deploy.cmd"</message>
    </entry>
    <entry time="2015-04-19T02:45:34.8375042Z" id="5a519ad2-98a9-4ed1-8075-6a8a02e2cf10" type="0">
      <message>Handling node.js deployment.</message>
    </entry>
    <entry time="2015-04-19T02:45:35.0566553Z" id="ec85cbfe-05ed-4973-82a5-768a45e777a2" type="0">
      <message>KuduSync.NET from: 'D:\home\site\repository' to: 'D:\home\site\wwwroot'</message>
    </entry>
    <entry time="2015-04-19T02:45:35.0722914Z" id="af4dbb6e-51aa-4840-83cb-ed6a51ce689f" type="0">
      <message>Copying file: 'app.js'</message>
    </entry>
    <entry time="2015-04-19T02:45:35.19729Z" id="3b0fa389-80b9-487b-b5f8-1d43848deefa" type="0">
      <message>Looking for app.js/server.js under site root.</message>
    </entry>
    <entry time="2015-04-19T02:45:35.2441641Z" id="18627f7a-95b1-4ebf-8e0d-05da58ec4b8b" type="0">
      <message>Using start-up script app.js</message>
    </entry>
    <entry time="2015-04-19T02:45:35.2754189Z" id="be0e2dcf-8cc5-411c-a67c-5bda6039d68f" type="0">
      <message>Generated web.config.</message>
    </entry>
    <entry time="2015-04-19T02:45:35.2910796Z" id="3d7ac61c-c6e3-474d-8b06-e37dc667062b" type="0">
      <message>The package.json file does not specify node.js engine version constraints.</message>
    </entry>
    <entry time="2015-04-19T02:45:35.5410332Z" id="8b1d3cb5-75d3-45bc-8b35-6c668c60bade" type="0">
      <message>The node.js application will run with the default node.js version 0.10.32.</message>
    </entry>
    <entry time="2015-04-19T02:45:38.134733Z" id="556ea7c7-65a6-416d-a913-fce05e710753" type="0">
      <message>Finished successfully.</message>
    </entry>
  </entry>
  <entry time="2015-04-19T02:45:38.2378053Z" id="2bde2aac-83fa-4c38-9f49-6aa54de3774e" type="0">
    <message>Deployment successful.</message>
  </entry>
</entries>