﻿<?xml version="1.0" encoding="utf-8"?>
<deployment>
  <id>0c7397925bbfd8c994bfe0fa5b49853c3c77416b</id>
  <author>Jeremy Koritzinsky</author>
  <deployer>GitHub</deployer>
  <authorEmail>jkoritzinsky@live.com</authorEmail>
  <message>again</message>
  <progress></progress>
  <status>Success</status>
  <statusText></statusText>
  <lastSuccessEndTime>2015-04-19T02:45:38.2700984Z</lastSuccessEndTime>
  <receivedTime>2015-04-19T02:45:33.4874884Z</receivedTime>
  <startTime>2015-04-19T02:45:33.6632544Z</startTime>
  <endTime>2015-04-19T02:45:38.2700984Z</endTime>
  <complete>True</complete>
  <is_temp>False</is_temp>
  <is_readonly>False</is_readonly>
</deployment>