﻿<?xml version="1.0" encoding="utf-8"?>
<entries>
  <entry time="2015-04-19T03:35:00.2273615Z" id="c7d39a4a-32bc-4cef-8b6d-46df4171b52d" type="0">
    <message>Updating submodules.</message>
  </entry>
  <entry time="2015-04-19T03:35:00.32111Z" id="014e00ad-f54a-4ffa-9e0f-e87ba9c6d2aa" type="0">
    <message>Preparing deployment for commit id '02671e36e2'.</message>
  </entry>
  <entry time="2015-04-19T03:35:01.7168972Z" id="16ce77a4-e4e6-4134-84ad-3470d788e115" type="0">
    <message>Generating deployment script.</message>
    <entry time="2015-04-19T03:35:01.8575515Z" id="331f2e8e-f881-493d-a240-7c77a06c789d" type="0">
      <message>Using cached version of deployment script (command: 'azure -y --no-dot-deployment -r "D:\home\site\repository" -o "D:\home\site\deployments\tools" --node --sitePath "D:\home\site\repository"').</message>
    </entry>
  </entry>
  <entry time="2015-04-19T03:35:02.0064795Z" id="348ad774-2f0e-46b5-9a89-0b742d2b1efa" type="0">
    <message>Running deployment command...</message>
    <entry time="2015-04-19T03:35:02.0221129Z" id="9baaee69-5d07-4a61-b44e-3858093937c0" type="0">
      <message>Command: "D:\home\site\deployments\tools\deploy.cmd"</message>
    </entry>
    <entry time="2015-04-19T03:35:02.522096Z" id="c83e0644-8869-486d-b881-4785a3aa85c4" type="0">
      <message>Handling node.js deployment.</message>
    </entry>
    <entry time="2015-04-19T03:35:04.2929567Z" id="4be1cad0-84f1-44a9-bca3-f583b56a3c68" type="0">
      <message>KuduSync.NET from: 'D:\home\site\repository' to: 'D:\home\site\wwwroot'</message>
    </entry>
    <entry time="2015-04-19T03:35:04.3085964Z" id="27d7c127-f352-46c1-a899-18e65af0cd89" type="0">
      <message>Copying file: 'app.js'</message>
    </entry>
    <entry time="2015-04-19T03:35:04.6679594Z" id="c2eeb246-7f0e-45df-870f-636674a4858b" type="0">
      <message>Looking for app.js/server.js under site root.</message>
    </entry>
    <entry time="2015-04-19T03:35:05.8304215Z" id="dd1f4d2e-8aea-4acd-bb07-060d80a743e1" type="0">
      <message>Using start-up script app.js</message>
    </entry>
    <entry time="2015-04-19T03:35:05.9710439Z" id="740c688c-1f53-437a-a15b-73c3679f22fa" type="0">
      <message>Generated web.config.</message>
    </entry>
    <entry time="2015-04-19T03:35:06.0022913Z" id="967397cb-50f6-45ac-9bd9-68c2b6204163" type="0">
      <message>The package.json file does not specify node.js engine version constraints.</message>
    </entry>
    <entry time="2015-04-19T03:35:06.0335418Z" id="95e836f1-5d72-44fd-abfa-3c4eb5ab99df" type="0">
      <message>The node.js application will run with the default node.js version 0.12.0.</message>
    </entry>
    <entry time="2015-04-19T03:35:10.3128572Z" id="0f4fa016-3d9c-433c-9778-c6df9745fd36" type="0">
      <message>Finished successfully.</message>
    </entry>
  </entry>
  <entry time="2015-04-19T03:35:10.409425Z" id="468fef94-80ca-48ad-8d96-51f61abc86a5" type="0">
    <message>Deployment successful.</message>
  </entry>
</entries>