﻿<?xml version="1.0" encoding="utf-8"?>
<deployment>
  <id>02671e36e2dbbc7b3b84936e8ba0296d33e089a7</id>
  <author>Jeremy Koritzinsky</author>
  <deployer>GitHub</deployer>
  <authorEmail>jkoritzinsky@live.com</authorEmail>
  <message>Now broadcasting on the LEET port</message>
  <progress></progress>
  <status>Success</status>
  <statusText></statusText>
  <lastSuccessEndTime>2015-04-19T03:35:10.4405509Z</lastSuccessEndTime>
  <receivedTime>2015-04-19T03:35:00.1248115Z</receivedTime>
  <startTime>2015-04-19T03:35:00.3524018Z</startTime>
  <endTime>2015-04-19T03:35:10.4405509Z</endTime>
  <complete>True</complete>
  <is_temp>False</is_temp>
  <is_readonly>False</is_readonly>
</deployment>