﻿<?xml version="1.0" encoding="utf-8"?>
<entries>
  <entry time="2015-04-19T02:31:00.7154692Z" id="3895fefa-4f63-41a0-a784-eb574d9c20e0" type="0">
    <message>Updating submodules.</message>
  </entry>
  <entry time="2015-04-19T02:31:00.8717563Z" id="1ce399e6-8385-4e09-81ed-d15c41936ade" type="0">
    <message>Preparing deployment for commit id 'f263246081'.</message>
  </entry>
  <entry time="2015-04-19T02:31:01.6373668Z" id="2bd3df49-9869-43de-82cc-b74239c8a149" type="0">
    <message>Generating deployment script.</message>
    <entry time="2015-04-19T02:31:01.7154468Z" id="c105526a-b438-4ab4-8cbe-b588090d0cd6" type="0">
      <message>Using cached version of deployment script (command: 'azure -y --no-dot-deployment -r "D:\home\site\repository" -o "D:\home\site\deployments\tools" --node --sitePath "D:\home\site\repository"').</message>
    </entry>
  </entry>
  <entry time="2015-04-19T02:31:01.8091956Z" id="48d9f7bc-b079-4e65-9aea-fbb70dac9968" type="0">
    <message>Running deployment command...</message>
    <entry time="2015-04-19T02:31:01.8248225Z" id="dd73da86-872e-4922-88d3-043540b7e99f" type="0">
      <message>Command: "D:\home\site\deployments\tools\deploy.cmd"</message>
    </entry>
    <entry time="2015-04-19T02:31:02.3404359Z" id="a0239567-c0c8-4a84-95e5-b4a2acc1bbc3" type="0">
      <message>Handling node.js deployment.</message>
    </entry>
    <entry time="2015-04-19T02:31:02.5591832Z" id="976ec32b-dada-4c5f-8388-ccf760ed0fd5" type="0">
      <message>KuduSync.NET from: 'D:\home\site\repository' to: 'D:\home\site\wwwroot'</message>
    </entry>
    <entry time="2015-04-19T02:31:02.5748085Z" id="336d21b9-0f2c-4047-91aa-873c61a0b06e" type="0">
      <message>Copying file: 'app.js'</message>
    </entry>
    <entry time="2015-04-19T02:31:02.7154308Z" id="947b67f6-531f-42fa-bcfa-22df1a1dd844" type="0">
      <message>Looking for app.js/server.js under site root.</message>
    </entry>
    <entry time="2015-04-19T02:31:02.7466801Z" id="860626a9-70dc-43c1-bd41-f333af15fe31" type="0">
      <message>Using start-up script app.js</message>
    </entry>
    <entry time="2015-04-19T02:31:02.7779268Z" id="2dbdb4a7-de0c-4c35-abff-3cb2a3b7bd71" type="0">
      <message>Generated web.config.</message>
    </entry>
    <entry time="2015-04-19T02:31:02.793554Z" id="922492d5-741f-4e56-b76b-ecad68c1377e" type="0">
      <message>The package.json file does not specify node.js engine version constraints.</message>
    </entry>
    <entry time="2015-04-19T02:31:02.8404263Z" id="a9392df9-6ff2-49b2-a14e-654cd7efacb4" type="0">
      <message>The node.js application will run with the default node.js version 0.10.32.</message>
    </entry>
    <entry time="2015-04-19T02:31:06.0591601Z" id="1ffb2566-fc83-4bee-81e0-6d083cdc70ac" type="0">
      <message>Finished successfully.</message>
    </entry>
  </entry>
  <entry time="2015-04-19T02:31:06.3091493Z" id="be448113-3ce5-4795-8463-6521c9f7cc7a" type="0">
    <message>Deployment successful.</message>
  </entry>
</entries>