﻿<?xml version="1.0" encoding="utf-8"?>
<deployment>
  <id>f2632460818ada9fe834417b7986d7f630c24f9b</id>
  <author>Jeremy Koritzinsky</author>
  <deployer>GitHub</deployer>
  <authorEmail>jkoritzinsky@live.com</authorEmail>
  <message>CORS playtest</message>
  <progress></progress>
  <status>Success</status>
  <statusText></statusText>
  <lastSuccessEndTime>2015-04-19T02:31:06.3420337Z</lastSuccessEndTime>
  <receivedTime>2015-04-19T02:31:00.6217611Z</receivedTime>
  <startTime>2015-04-19T02:31:00.9185897Z</startTime>
  <endTime>2015-04-19T02:31:06.3420337Z</endTime>
  <complete>True</complete>
  <is_temp>False</is_temp>
  <is_readonly>False</is_readonly>
</deployment>