﻿<?xml version="1.0" encoding="utf-8"?>
<entries>
  <entry time="2015-04-19T03:41:03.141796Z" id="3bee6075-941b-4248-b742-6cb714767b3a" type="0">
    <message>Updating submodules.</message>
  </entry>
  <entry time="2015-04-19T03:41:03.2066724Z" id="acfd6351-474f-4a4b-b6da-398401442d79" type="0">
    <message>Preparing deployment for commit id 'bffc153fe5'.</message>
  </entry>
  <entry time="2015-04-19T03:41:04.5208223Z" id="88463364-5f3c-48e8-aaf2-20425245c59e" type="0">
    <message>Generating deployment script.</message>
    <entry time="2015-04-19T03:41:04.5843742Z" id="2e970d15-3b15-4b4f-b6b8-ab0378b84266" type="0">
      <message>Using cached version of deployment script (command: 'azure -y --no-dot-deployment -r "D:\home\site\repository" -o "D:\home\site\deployments\tools" --node --sitePath "D:\home\site\repository"').</message>
    </entry>
  </entry>
  <entry time="2015-04-19T03:41:04.6465673Z" id="99787ce6-bc27-4485-96c6-4bb768befaa4" type="0">
    <message>Running deployment command...</message>
    <entry time="2015-04-19T03:41:04.6626216Z" id="1f2366df-f1d3-45b0-9fd3-49ba6b5dc006" type="0">
      <message>Command: "D:\home\site\deployments\tools\deploy.cmd"</message>
    </entry>
    <entry time="2015-04-19T03:41:05.0705677Z" id="7bfc7e42-e5f2-489b-bc68-4e561d9b4c13" type="0">
      <message>Handling node.js deployment.</message>
    </entry>
    <entry time="2015-04-19T03:41:06.8562898Z" id="101ee083-0650-4b37-b236-68861e9b52b0" type="0">
      <message>KuduSync.NET from: 'D:\home\site\repository' to: 'D:\home\site\wwwroot'</message>
    </entry>
    <entry time="2015-04-19T03:41:06.8875502Z" id="21bfc9b0-4e65-464b-b959-498e2a236298" type="0">
      <message>Copying file: 'app.js'</message>
    </entry>
    <entry time="2015-04-19T03:41:07.2312947Z" id="1f46665e-f778-4d10-a7e5-01686ace12a3" type="0">
      <message>Looking for app.js/server.js under site root.</message>
    </entry>
    <entry time="2015-04-19T03:41:07.2785238Z" id="7592cc39-8e57-4267-aed7-9c558b4fe5d5" type="0">
      <message>Using start-up script app.js</message>
    </entry>
    <entry time="2015-04-19T03:41:07.2937921Z" id="7e21fa69-bb75-4bcf-a735-697b1c9ac6e7" type="0">
      <message>Generated web.config.</message>
    </entry>
    <entry time="2015-04-19T03:41:07.3250838Z" id="36b35fe3-f2ff-4879-b35b-96306734feac" type="0">
      <message>The package.json file does not specify node.js engine version constraints.</message>
    </entry>
    <entry time="2015-04-19T03:41:07.3875426Z" id="2615ec91-2e6a-4a4a-93c1-b10d37df7452" type="0">
      <message>The node.js application will run with the default node.js version 0.12.0.</message>
    </entry>
    <entry time="2015-04-19T03:41:10.5173964Z" id="da373d53-10c1-4d61-81e5-36b25d586908" type="0">
      <message>Finished successfully.</message>
    </entry>
  </entry>
  <entry time="2015-04-19T03:41:10.581456Z" id="56f21c8f-9f39-4257-806e-205f03bcad6a" type="0">
    <message>Deployment successful.</message>
  </entry>
</entries>