﻿<?xml version="1.0" encoding="utf-8"?>
<deployment>
  <id>bffc153fe5aba0467c1f9e807508052f68230b45</id>
  <author>Jeremy Koritzinsky</author>
  <deployer>GitHub</deployer>
  <authorEmail>jkoritzinsky@live.com</authorEmail>
  <message>Going for broke</message>
  <progress></progress>
  <status>Success</status>
  <statusText></statusText>
  <lastSuccessEndTime>2015-04-19T03:41:10.6287776Z</lastSuccessEndTime>
  <receivedTime>2015-04-19T03:41:03.0586362Z</receivedTime>
  <startTime>2015-04-19T03:41:03.2379248Z</startTime>
  <endTime>2015-04-19T03:41:10.6287776Z</endTime>
  <complete>True</complete>
  <is_temp>False</is_temp>
  <is_readonly>False</is_readonly>
</deployment>