﻿<?xml version="1.0" encoding="utf-8"?>
<entries>
  <entry time="2015-04-19T03:11:20.3559144Z" id="0d72ec0b-a68d-465b-a198-51fe5b0b8200" type="0">
    <message>Updating submodules.</message>
  </entry>
  <entry time="2015-04-19T03:11:20.434003Z" id="dbb86f98-3bc7-4eb3-ac3a-a7937b929e72" type="0">
    <message>Preparing deployment for commit id 'e4df348f02'.</message>
  </entry>
  <entry time="2015-04-19T03:11:21.8549994Z" id="7951ebaf-06ca-4b4d-809a-ba992450f279" type="0">
    <message>Generating deployment script.</message>
    <entry time="2015-04-19T03:11:21.9175132Z" id="447d6b1a-6f43-4d8c-9520-144c5c3ff53f" type="0">
      <message>Using cached version of deployment script (command: 'azure -y --no-dot-deployment -r "D:\home\site\repository" -o "D:\home\site\deployments\tools" --node --sitePath "D:\home\site\repository"').</message>
    </entry>
  </entry>
  <entry time="2015-04-19T03:11:21.9996651Z" id="74a86853-34d3-47ed-a313-3f139e73b712" type="0">
    <message>Running deployment command...</message>
    <entry time="2015-04-19T03:11:22.0152702Z" id="d630b5f3-9e07-44b2-9641-8ccc2b6471b0" type="0">
      <message>Command: "D:\home\site\deployments\tools\deploy.cmd"</message>
    </entry>
    <entry time="2015-04-19T03:11:22.5466949Z" id="f2a04387-0f2c-4612-a007-9817c65fa8c4" type="0">
      <message>Handling node.js deployment.</message>
    </entry>
    <entry time="2015-04-19T03:11:23.5155411Z" id="35e9ac80-6598-4854-8207-2704936e31ec" type="0">
      <message>KuduSync.NET from: 'D:\home\site\repository' to: 'D:\home\site\wwwroot'</message>
    </entry>
    <entry time="2015-04-19T03:11:23.5480968Z" id="20f3479f-24f0-4090-a9c7-aee1001e9a96" type="0">
      <message>Copying file: 'node_modules\socket.io\node_modules\engine.io\node_modules\ws\builderror.log'</message>
    </entry>
    <entry time="2015-04-19T03:11:23.5637216Z" id="fe5ab798-2c4d-4cbe-836f-fea4e109c136" type="0">
      <message>Copying file: 'node_modules\socket.io\node_modules\socket.io-adapter\node_modules\socket.io-parser\node_modules\benchmark\package.json'</message>
    </entry>
    <entry time="2015-04-19T03:11:23.5949712Z" id="dca75a7e-0501-4bff-ab46-8534d73d8089" type="0">
      <message>Copying file: 'node_modules\socket.io\node_modules\socket.io-adapter\node_modules\socket.io-parser\node_modules\debug\package.json'</message>
    </entry>
    <entry time="2015-04-19T03:11:23.6262214Z" id="cbe56dfe-93bc-44af-abac-58787e4c2f9d" type="0">
      <message>Copying file: 'node_modules\socket.io\node_modules\socket.io-client\node_modules\debug\package.json'</message>
    </entry>
    <entry time="2015-04-19T03:11:23.6575096Z" id="774f2709-a1b9-40b9-862d-e5e32a902c72" type="0">
      <message>Copying file: 'node_modules\socket.io\node_modules\socket.io-client\node_modules\engine.io-client\node_modules\component-emitter\.npmignore'</message>
    </entry>
    <entry time="2015-04-19T03:11:23.68872Z" id="de249e69-a47e-4adf-8cad-b7b3683427f3" type="0">
      <message>Copying file: 'node_modules\socket.io\node_modules\socket.io-client\node_modules\engine.io-client\node_modules\component-emitter\.travis.yml'</message>
    </entry>
    <entry time="2015-04-19T03:11:23.719975Z" id="3a41ff7f-0ac0-4290-a96e-1c560da04ffe" type="0">
      <message>Copying file: 'node_modules\socket.io\node_modules\socket.io-client\node_modules\engine.io-client\node_modules\component-emitter\bower.json'</message>
    </entry>
    <entry time="2015-04-19T03:11:24.3243675Z" id="714f6754-6c67-4e69-92b4-570c239a8208" type="0">
      <message>Copying file: 'node_modules\socket.io\node_modules\socket.io-client\node_modules\engine.io-client\node_modules\component-emitter\component.json'</message>
    </entry>
    <entry time="2015-04-19T03:11:24.3399869Z" id="e00f9864-e47f-44bf-9ac7-18dd7a17c76e" type="0">
      <message>Copying file: 'node_modules\socket.io\node_modules\socket.io-client\node_modules\engine.io-client\node_modules\component-emitter\History.md'</message>
    </entry>
    <entry time="2015-04-19T03:11:24.3712354Z" id="c650fd3f-9449-4d58-ba5f-444637fc2604" type="0">
      <message>Copying file: 'node_modules\socket.io\node_modules\socket.io-client\node_modules\engine.io-client\node_modules\component-emitter\index.js'</message>
    </entry>
    <entry time="2015-04-19T03:11:24.4025272Z" id="b1705bab-e15f-4bd3-99f4-ceb194b49ef4" type="0">
      <message>Copying file: 'node_modules\socket.io\node_modules\socket.io-client\node_modules\engine.io-client\node_modules\component-emitter\Makefile'</message>
    </entry>
    <entry time="2015-04-19T03:11:24.4181094Z" id="f5046057-8e07-48e9-ac0c-188f76e3efe7" type="0">
      <message>Copying file: 'node_modules\socket.io\node_modules\socket.io-client\node_modules\engine.io-client\node_modules\component-emitter\package.json'</message>
    </entry>
    <entry time="2015-04-19T03:11:24.4493583Z" id="de29fc8a-0c84-48c9-a76d-ed18f7e432da" type="0">
      <message>Copying file: 'node_modules\socket.io\node_modules\socket.io-client\node_modules\engine.io-client\node_modules\component-emitter\Readme.md'</message>
    </entry>
    <entry time="2015-04-19T03:11:24.4806108Z" id="571175d5-a8dd-4899-832e-8f9eb1d3fe58" type="0">
      <message>Copying file: 'node_modules\socket.io\node_modules\socket.io-client\node_modules\engine.io-client\node_modules\ws\builderror.log'</message>
    </entry>
    <entry time="2015-04-19T03:11:24.623094Z" id="ead9fc04-f348-49e5-bea7-07d94cad8c3d" type="0">
      <message>Copying file: 'node_modules\socket.io\node_modules\socket.io-client\node_modules\parseuri\node_modules\better-assert\package.json'</message>
    </entry>
    <entry time="2015-04-19T03:11:24.6543435Z" id="ee322fd7-eaa2-404d-af42-c11f3df09e94" type="0">
      <message>Copying file: 'node_modules\socket.io\node_modules\socket.io-client\node_modules\parseuri\node_modules\better-assert\node_modules\callsite\package.json'</message>
    </entry>
    <entry time="2015-04-19T03:11:24.7793448Z" id="6d22317c-09d9-40d6-8b00-d67dbba847a7" type="0">
      <message>Looking for app.js/server.js under site root.</message>
    </entry>
    <entry time="2015-04-19T03:11:24.8105941Z" id="957756a8-340c-4b2e-88ad-89efe0e0b1aa" type="0">
      <message>Using start-up script app.js</message>
    </entry>
    <entry time="2015-04-19T03:11:24.8418423Z" id="4200e96c-0cf9-4924-a1df-691b73a96d52" type="0">
      <message>Generated web.config.</message>
    </entry>
    <entry time="2015-04-19T03:11:24.873092Z" id="28d85ba7-5941-46cf-94f8-c9da85810164" type="0">
      <message>The package.json file does not specify node.js engine version constraints.</message>
    </entry>
    <entry time="2015-04-19T03:11:25.0918406Z" id="b6d171ca-4fd7-4b39-af41-6e2edc713897" type="0">
      <message>The node.js application will run with the default node.js version 0.10.32.</message>
    </entry>
    <entry time="2015-04-19T03:11:27.4533403Z" id="be664789-85f9-4f0a-a1ed-b40f3ea30e64" type="0">
      <message>Finished successfully.</message>
    </entry>
  </entry>
  <entry time="2015-04-19T03:11:27.5314657Z" id="be2893b0-2500-46f5-926a-9faab6ce1611" type="0">
    <message>Deployment successful.</message>
  </entry>
</entries>