﻿<?xml version="1.0" encoding="utf-8"?>
<deployment>
  <id>e4df348f0240cddb0a3a32d65ab95e128628daa8</id>
  <author>Jeremy Koritzinsky</author>
  <deployer>GitHub</deployer>
  <authorEmail>jkoritzinsky@live.com</authorEmail>
  <message>Another try</message>
  <progress></progress>
  <status>Success</status>
  <statusText></statusText>
  <lastSuccessEndTime>2015-04-19T03:11:27.5627142Z</lastSuccessEndTime>
  <receivedTime>2015-04-19T03:11:20.2777108Z</receivedTime>
  <startTime>2015-04-19T03:11:20.4652081Z</startTime>
  <endTime>2015-04-19T03:11:27.5627142Z</endTime>
  <complete>True</complete>
  <is_temp>False</is_temp>
  <is_readonly>False</is_readonly>
</deployment>