﻿<?xml version="1.0" encoding="utf-8"?>
<entries>
  <entry time="2015-04-19T03:06:22.8105017Z" id="335d3e87-1f33-40b6-be98-cc5291b8cf8b" type="0">
    <message>Updating submodules.</message>
  </entry>
  <entry time="2015-04-19T03:06:22.8730063Z" id="64c703ad-27a2-450d-bf17-73523a15465f" type="0">
    <message>Preparing deployment for commit id '529ae3ecf1'.</message>
  </entry>
  <entry time="2015-04-19T03:06:24.0770161Z" id="b9d5b962-e5ea-4e0f-8a40-05b03e4a2b61" type="0">
    <message>Generating deployment script.</message>
    <entry time="2015-04-19T03:06:24.148888Z" id="b90c6b95-b4ab-4cc3-98d6-92cd855ff67c" type="0">
      <message>Using cached version of deployment script (command: 'azure -y --no-dot-deployment -r "D:\home\site\repository" -o "D:\home\site\deployments\tools" --node --sitePath "D:\home\site\repository"').</message>
    </entry>
  </entry>
  <entry time="2015-04-19T03:06:24.2029617Z" id="15b0af78-35f5-4f45-8d07-c30acf657386" type="0">
    <message>Running deployment command...</message>
    <entry time="2015-04-19T03:06:24.2256134Z" id="3a99e295-d97d-4832-8dc2-379c3b9d9b5a" type="0">
      <message>Command: "D:\home\site\deployments\tools\deploy.cmd"</message>
    </entry>
    <entry time="2015-04-19T03:06:24.6999382Z" id="8fe2d0fc-e2fd-4961-b557-f3a51c68aa8a" type="0">
      <message>Handling node.js deployment.</message>
    </entry>
    <entry time="2015-04-19T03:06:25.4342909Z" id="55f1c1c9-b908-492d-830d-4e53ac7e15e4" type="0">
      <message>KuduSync.NET from: 'D:\home\site\repository' to: 'D:\home\site\wwwroot'</message>
    </entry>
    <entry time="2015-04-19T03:06:25.4655488Z" id="cd3435f1-b7e2-42a8-b816-0f67c0600da3" type="0">
      <message>Deleting file: '.gitignore'</message>
    </entry>
    <entry time="2015-04-19T03:06:25.4811656Z" id="3e9218fe-a07a-42e9-9dd2-c1826c77678c" type="0">
      <message>Copying file: 'node_modules\.bin\uuid'</message>
    </entry>
    <entry time="2015-04-19T03:06:25.4967917Z" id="85d0210c-7f14-4b88-9439-56928bd1f3bf" type="0">
      <message>Copying file: 'node_modules\.bin\uuid.cmd'</message>
    </entry>
    <entry time="2015-04-19T03:06:25.5124152Z" id="b8f63918-0912-49c1-86fd-a7adf42144df" type="0">
      <message>Copying file: 'node_modules\node-uuid\.npmignore'</message>
    </entry>
    <entry time="2015-04-19T03:06:25.5436673Z" id="42099e11-a01e-4e42-995a-1814a35b092f" type="0">
      <message>Copying file: 'node_modules\node-uuid\bower.json'</message>
    </entry>
    <entry time="2015-04-19T03:06:25.559291Z" id="f0a1ff57-b123-4770-9c7a-e7d8962ad4bd" type="0">
      <message>Copying file: 'node_modules\node-uuid\component.json'</message>
    </entry>
    <entry time="2015-04-19T03:06:25.5866538Z" id="3fb9a48a-5a84-40c3-92a2-0ff6682e4237" type="0">
      <message>Copying file: 'node_modules\node-uuid\LICENSE.md'</message>
    </entry>
    <entry time="2015-04-19T03:06:25.6022898Z" id="2823af7d-658d-4d6b-a38a-179a74b46982" type="0">
      <message>Copying file: 'node_modules\node-uuid\package.json'</message>
    </entry>
    <entry time="2015-04-19T03:06:25.6179166Z" id="f0df1e39-8e62-4ece-a555-ef70a9bd0784" type="0">
      <message>Copying file: 'node_modules\node-uuid\README.md'</message>
    </entry>
    <entry time="2015-04-19T03:06:25.649164Z" id="185d7060-700a-4168-aaea-f5799a6c32f2" type="0">
      <message>Copying file: 'node_modules\node-uuid\uuid.js'</message>
    </entry>
    <entry time="2015-04-19T03:06:25.6647905Z" id="9216695d-e2af-47bd-9155-0b39048a141d" type="0">
      <message>Copying file: 'node_modules\node-uuid\benchmark\bench.gnu'</message>
    </entry>
    <entry time="2015-04-19T03:06:25.6960411Z" id="c1f8eebe-4aba-40c2-9f81-a5dc86aea2f3" type="0">
      <message>Copying file: 'node_modules\node-uuid\benchmark\bench.sh'</message>
    </entry>
    <entry time="2015-04-19T03:06:25.7116638Z" id="176d129b-1a49-4bab-8196-878c91973bb9" type="0">
      <message>Copying file: 'node_modules\node-uuid\benchmark\benchmark-native.c'</message>
    </entry>
    <entry time="2015-04-19T03:06:25.7429137Z" id="7686915a-e69a-4a79-9a51-649232874916" type="0">
      <message>Copying file: 'node_modules\node-uuid\benchmark\benchmark.js'</message>
    </entry>
    <entry time="2015-04-19T03:06:25.758539Z" id="d4acad6a-300e-4b73-9813-ced6c532c286" type="0">
      <message>Copying file: 'node_modules\node-uuid\benchmark\README.md'</message>
    </entry>
    <entry time="2015-04-19T03:06:25.7897873Z" id="7d413ac8-e5aa-4449-b0ed-4ae660420140" type="0">
      <message>Copying file: 'node_modules\node-uuid\bin\uuid'</message>
    </entry>
    <entry time="2015-04-19T03:06:25.8210351Z" id="ef2eb363-16a5-4509-99fc-7f4d2d373588" type="0">
      <message>Copying file: 'node_modules\node-uuid\test\compare_v1.js'</message>
    </entry>
    <entry time="2015-04-19T03:06:25.8366669Z" id="861aadae-b238-4114-bb44-bee62fbcd6ad" type="0">
      <message>Copying file: 'node_modules\node-uuid\test\test.html'</message>
    </entry>
    <entry time="2015-04-19T03:06:25.8679133Z" id="cac6329d-25b5-4cf0-98e0-dd6f36942253" type="0">
      <message>Copying file: 'node_modules\node-uuid\test\test.js'</message>
    </entry>
    <entry time="2015-04-19T03:06:25.8991589Z" id="0c4c6dc1-25b6-480f-8897-fa76af966417" type="0">
      <message>Copying file: 'node_modules\socket.io\.npmignore'</message>
    </entry>
    <entry time="2015-04-19T03:06:25.9147832Z" id="a1471211-6667-45c2-8af4-6dc759424469" type="0">
      <message>Copying file: 'node_modules\socket.io\.travis.yml'</message>
    </entry>
    <entry time="2015-04-19T03:06:25.9460336Z" id="9780cf37-efa6-4b4e-942d-99ad69141479" type="0">
      <message>Copying file: 'node_modules\socket.io\History.md'</message>
    </entry>
    <entry time="2015-04-19T03:06:25.9772886Z" id="a1bda80c-f1c0-4ecd-8a15-6cedbf5b805f" type="0">
      <message>Copying file: 'node_modules\socket.io\index.js'</message>
    </entry>
    <entry time="2015-04-19T03:06:26.000714Z" id="3db1e4ea-642f-4a65-840e-19547446cb6b" type="0">
      <message>Copying file: 'node_modules\socket.io\LICENSE'</message>
    </entry>
    <entry time="2015-04-19T03:06:26.017052Z" id="f56826c1-a831-4be3-944e-67e6a8ef2623" type="0">
      <message>Copying file: 'node_modules\socket.io\Makefile'</message>
    </entry>
    <entry time="2015-04-19T03:06:26.0326862Z" id="3bc2d55e-e866-4213-a0d7-551963b9bdd5" type="0">
      <message>Copying file: 'node_modules\socket.io\package.json'</message>
    </entry>
    <entry time="2015-04-19T03:06:26.063932Z" id="1ce92920-1fe7-4049-bc7a-88fb3244a04e" type="0">
      <message>Copying file: 'node_modules\socket.io\Readme.md'</message>
    </entry>
    <entry time="2015-04-19T03:06:26.0795576Z" id="2dc9b8af-ffa1-4621-8992-0d3b5d6c8ced" type="0">
      <message>Copying file: 'node_modules\socket.io\lib\client.js'</message>
    </entry>
    <entry time="2015-04-19T03:06:26.1046413Z" id="5db443a1-4b02-45e5-a2f9-ea25a4530caa" type="0">
      <message>Copying file: 'node_modules\socket.io\lib\index.js'</message>
    </entry>
    <entry time="2015-04-19T03:06:26.1202811Z" id="992bfcce-29da-47b2-9cea-9aafcce68488" type="0">
      <message>Copying file: 'node_modules\socket.io\lib\namespace.js'</message>
    </entry>
    <entry time="2015-04-19T03:06:26.1515271Z" id="eede7087-851c-401b-b83e-b663d64d2fb7" type="0">
      <message>Copying file: 'node_modules\socket.io\lib\socket.js'</message>
    </entry>
    <entry time="2015-04-19T03:06:26.1671498Z" id="1d054200-677b-4e80-8edf-4b1c3c017807" type="0">
      <message>Copying file: 'node_modules\socket.io\node_modules\debug\.jshintrc'</message>
    </entry>
    <entry time="2015-04-19T03:06:26.1984053Z" id="893f97a8-1a08-4163-a1a1-2298e3d00ba6" type="0">
      <message>Copying file: 'node_modules\socket.io\node_modules\debug\.npmignore'</message>
    </entry>
    <entry time="2015-04-19T03:06:26.2140227Z" id="0688a4b9-bbff-4ce7-a042-7501060bf3d9" type="0">
      <message>Copying file: 'node_modules\socket.io\node_modules\debug\browser.js'</message>
    </entry>
    <entry time="2015-04-19T03:06:26.2296476Z" id="fee1840b-f57c-482a-874f-796e2d85a3ee" type="0">
      <message>Copying file: 'node_modules\socket.io\node_modules\debug\component.json'</message>
    </entry>
    <entry time="2015-04-19T03:06:26.2608982Z" id="fc761357-a004-40a7-98c3-0af28a71ee9a" type="0">
      <message>Copying file: 'node_modules\socket.io\node_modules\debug\debug.js'</message>
    </entry>
    <entry time="2015-04-19T03:06:26.2935279Z" id="aef3d418-24fd-4958-8bed-e064e5584ba9" type="0">
      <message>Copying file: 'node_modules\socket.io\node_modules\debug\History.md'</message>
    </entry>
    <entry time="2015-04-19T03:06:26.3091599Z" id="ca241d32-53d8-40f1-bd1e-00ced6a50605" type="0">
      <message>Copying file: 'node_modules\socket.io\node_modules\debug\Makefile'</message>
    </entry>
    <entry time="2015-04-19T03:06:26.3247804Z" id="bc0c09dd-a025-49d7-bdb3-393045fa3fde" type="0">
      <message>Copying file: 'node_modules\socket.io\node_modules\debug\node.js'</message>
    </entry>
    <entry time="2015-04-19T03:06:26.3560263Z" id="9619491b-35a3-4439-b9c2-c2d20fc56f02" type="0">
      <message>Copying file: 'node_modules\socket.io\node_modules\debug\package.json'</message>
    </entry>
    <entry time="2015-04-19T03:06:26.3872813Z" id="c4c5d823-eec2-4336-963f-8a9b6c1f894e" type="0">
      <message>Copying file: 'node_modules\socket.io\node_modules\debug\Readme.md'</message>
    </entry>
    <entry time="2015-04-19T03:06:26.4341508Z" id="6f1ec9f0-a3c3-4d69-9401-7841c97a88a1" type="0">
      <message>Copying file: 'node_modules\socket.io\node_modules\debug\node_modules\ms\.npmignore'</message>
    </entry>
    <entry time="2015-04-19T03:06:26.4497822Z" id="1c3300db-39c2-4cfb-ab72-136539718cd7" type="0">
      <message>Copying file: 'node_modules\socket.io\node_modules\debug\node_modules\ms\index.js'</message>
    </entry>
    <entry time="2015-04-19T03:06:26.465402Z" id="fabd0afc-d54b-4776-a577-7e9a41c8df8b" type="0">
      <message>Copying file: 'node_modules\socket.io\node_modules\debug\node_modules\ms\package.json'</message>
    </entry>
    <entry time="2015-04-19T03:06:26.4966491Z" id="d60463d9-cce7-4dd0-ab30-09278949bc8c" type="0">
      <message>Copying file: 'node_modules\socket.io\node_modules\debug\node_modules\ms\README.md'</message>
    </entry>
    <entry time="2015-04-19T03:06:26.5122736Z" id="f6fd480f-3deb-4e07-ba35-59f5644e491a" type="0">
      <message>Copying file: 'node_modules\socket.io\node_modules\engine.io\.npmignore'</message>
    </entry>
    <entry time="2015-04-19T03:06:26.5435217Z" id="d286c54c-bb2b-4e14-a3a2-74dc6c81e29a" type="0">
      <message>Copying file: 'node_modules\socket.io\node_modules\engine.io\.travis.yml'</message>
    </entry>
    <entry time="2015-04-19T03:06:26.5591476Z" id="c494b9dc-f54b-4144-b5eb-727bc3847c5e" type="0">
      <message>Copying file: 'node_modules\socket.io\node_modules\engine.io\History.md'</message>
    </entry>
    <entry time="2015-04-19T03:06:26.590399Z" id="63ea912c-b9b7-4d08-86b9-dc7586561c69" type="0">
      <message>Copying file: 'node_modules\socket.io\node_modules\engine.io\index.js'</message>
    </entry>
    <entry time="2015-04-19T03:06:26.6060226Z" id="08fd5c88-6915-4b99-8b76-de808c71d3ad" type="0">
      <message>Omitting next output lines...</message>
    </entry>
    <entry time="2015-04-19T03:06:37.9644836Z" id="7973e488-7ca9-4efb-92d1-79a767def4ff" type="0">
      <message>Looking for app.js/server.js under site root.</message>
    </entry>
    <entry time="2015-04-19T03:06:38.0113563Z" id="508918c6-5a27-467c-996f-a0b231235d64" type="0">
      <message>Using start-up script app.js</message>
    </entry>
    <entry time="2015-04-19T03:06:38.042643Z" id="75c97abf-2dc4-4355-9b65-c791cfa1699e" type="0">
      <message>Generated web.config.</message>
    </entry>
    <entry time="2015-04-19T03:06:38.0582296Z" id="f6287240-32c3-4391-9e21-02b5faa680e4" type="0">
      <message>The package.json file does not specify node.js engine version constraints.</message>
    </entry>
    <entry time="2015-04-19T03:06:38.3082248Z" id="97b8dbee-2a1e-4130-b8ee-031e6bff1425" type="0">
      <message>The node.js application will run with the default node.js version 0.10.32.</message>
    </entry>
    <entry time="2015-04-19T03:06:40.4801011Z" id="6422817f-3084-4e61-854a-1877faf72084" type="0">
      <message>Finished successfully.</message>
    </entry>
  </entry>
  <entry time="2015-04-19T03:06:40.5738085Z" id="f10eefc9-7abf-4ad1-a847-d832126b08ea" type="0">
    <message>Deployment successful.</message>
  </entry>
</entries>