﻿<?xml version="1.0" encoding="utf-8"?>
<deployment>
  <id>529ae3ecf1c8a4d2e8fa1792e870ac2f99c55b0d</id>
  <author>Jeremy Koritzinsky</author>
  <deployer>GitHub</deployer>
  <authorEmail>jkoritzinsky@live.com</authorEmail>
  <message>Add package files</message>
  <progress></progress>
  <status>Success</status>
  <statusText></statusText>
  <lastSuccessEndTime>2015-04-19T03:06:40.6050998Z</lastSuccessEndTime>
  <receivedTime>2015-04-19T03:06:22.7323804Z</receivedTime>
  <startTime>2015-04-19T03:06:22.9198704Z</startTime>
  <endTime>2015-04-19T03:06:40.6050998Z</endTime>
  <complete>True</complete>
  <is_temp>False</is_temp>
  <is_readonly>False</is_readonly>
</deployment>